tool_id,pr_tone_group,n,mean_cd_nm,std_cd_nm,median_cd_nm,min_cd_nm,max_cd_nm,tool_total_n,tool_pct_of_dataset
T01,MISSING,6,50.06035983333334,2.9652290879877325,48.7135445,46.961548,54.299199,476,59.130434782608695
T01,NEGATIVE,156,49.703638576923076,2.8756367814974517,49.9827755,35.974789,56.810364,476,59.130434782608695
T01,POSITIVE,314,49.54417306050955,2.7078574177984427,49.539145000000005,25.769242,58.049019,476,59.130434782608695
T02,MISSING,4,50.35001,1.2132505154740283,50.192122999999995,49.206617,51.809177,212,26.335403726708076
T02,NEGATIVE,85,50.77307704705882,2.7981085031024207,50.945166,40.82464,58.120542,212,26.335403726708076
T02,POSITIVE,123,51.09260181300813,2.4032820417641236,50.873165,45.20606,58.629102,212,26.335403726708076
T03,MISSING,1,53.667321,,53.667321,53.667321,53.667321,117,14.53416149068323
T03,NEGATIVE,30,53.05920726666667,3.5864352455768955,52.2711495,47.73853,66.312582,117,14.53416149068323
T03,POSITIVE,86,52.423756116279066,2.3811949622583772,52.0418255,47.31918,58.831832,117,14.53416149068323
