sample_id,lot_id,tool_id,sequence,dose,focus_nm,pr_thickness_nm,peb_temp_c,field_x,field_y,cd_nm,cdu_3sigma_nm,ler_nm,defect_probability,spec_pass
S00607,L0030,T01,607,99.149471,0.040322,97.911458,117.20245,-0.556705,-0.802103,49.478084,3.121534,11.316048,0.894562,FAIL
S00073,L0003,T01,73,98.429107,0.062498,93.224017,106.221042,-0.359787,0.587352,48.965444,2.955361,4.139549,0.123638,PASS
S00412,L0020,T03,412,101.111667,-0.007335,100.004113,107.021595,0.971247,0.715523,54.40346,2.641845,2.816774,0.048887,FAIL
S00386,L0019,T01,386,101.512803,0.109102,94.334346,111.224016,-0.144958,0.665224,50.331851,3.529096,1.865076,0.063386,FAIL
S00277,L0013,T01,277,,-0.096439,96.651158,109.269026,0.052755,0.855376,50.490207,3.638225,1.238187,0.050231,FAIL
S00766,L0038,T02,766,103.099343,-0.03874,86.27219,113.197829,0.625483,-0.88106,52.100495,3.603806,3.385716,0.143143,FAIL
S00577,L0028,T03,577,100.044602,0.017973,97.274446,109.423351,-0.573606,-0.728075,51.228475,2.185685,0.970844,0.012202,PASS
S00600,L0030,T01,600,94.633115,0.066657,92.797584,109.21065,-0.614356,0.853752,47.112088,3.762486,1.490812,0.063637,FAIL
S00253,L0012,T03,253,104.3212,-0.00519,95.675518,110.40166,0.308189,0.080714,53.377836,1.960522,1.271314,0.011759,FAIL
S00716,L0035,T01,716,100.150085,0.172525,94.114195,112.265421,-0.997161,-0.538509,50.577007,5.388984,2.521021,0.34111,FAIL
S00315,L0015,T01,315,92.303701,0.049111,96.742238,113.384167,0.862024,-0.288853,47.283579,3.227912,3.695588,0.123759,FAIL
S00697,L0034,T02,697,98.136589,0.020102,92.647401,108.947581,0.267188,-0.897919,51.773984,2.947064,1.656739,0.034508,PASS
S00147,L0007,T01,147,94.007943,0.028954,99.936045,109.463915,-0.950522,0.368341,48.238094,2.770518,1.328056,0.024817,PASS
S00125,L0006,T02,125,114.425574,0.148439,101.134413,108.698012,-0.761446,0.137421,55.198926,4.902171,1.913594,0.19301,FAIL
S00677,L0033,T01,677,89.937387,-0.0261,93.234257,105.933132,0.562968,0.509695,46.392741,2.334751,4.425366,0.086292,FAIL
S00321,L0016,T03,321,100.055049,-0.01022,97.122464,107.429299,-0.759623,-0.021041,51.972354,2.783763,2.618884,0.049773,PASS
S00456,L0022,T02,456,107.456239,0.032553,91.880607,108.493808,0.434906,0.391613,53.489327,2.009637,1.94373,0.017684,FAIL
S00287,L0014,T03,287,98.628184,-0.096004,91.42785,109.780055,0.031294,-0.130736,52.52007,3.121019,1.109288,0.030004,PASS
S00533,L0026,T02,533,100.016095,-0.060107,,106.720492,-0.428747,-0.115058,38.177625,2.552947,3.43654,0.062547,PASS
S00644,L0032,T01,644,105.804121,-0.087482,91.816005,110.0,0.96722,0.476157,51.901335,4.360236,1.175157,0.089118,FAIL
S00461,L0023,T01,461,97.126383,0.026887,92.471202,113.342102,-0.125245,-0.436008,47.816609,2.232753,3.458498,0.048184,PASS
S00520,L0026,T02,520,101.494428,-0.070662,102.867056,109.834578,-0.622553,0.09879,49.834378,3.089273,1.163538,0.03004,PASS
S00601,L0030,T01,601,98.043755,0.045583,96.093905,113.171989,0.565812,-0.623707,48.15303,3.438233,3.069418,0.107896,FAIL
S00669,L0033,T02,669,102.65498,-0.011562,93.69666,107.158708,-0.600442,-0.680569,52.380152,2.332204,3.351807,0.049617,PASS
S00695,L0034,T01,695,109.071083,-0.053193,93.030589,111.473467,0.208811,-0.358071,52.296216,2.795281,1.901309,0.034439,PASS
S00631,L0031,T02,631,89.233715,0.053784,102.497539,111.266157,0.807578,0.940484,46.925759,3.881115,2.062288,0.09383,FAIL
S00694,L0034,T01,694,98.192533,-0.035911,94.000911,108.785531,,-0.723343,50.482405,2.701831,1.757741,0.029409,PASS
S00404,L0020,T02,404,97.300693,0.055084,93.037108,109.62935,-0.797929,-0.58171,51.832035,3.081005,1.215284,0.030659,PASS
S00745,L0037,T01,745,98.045206,-0.084775,98.159178,110.529072,-0.208097,0.232189,47.479642,3.630853,1.163827,0.048011,FAIL
S00138,L0006,T01,138,97.464699,-0.136002,99.646805,113.713186,0.091048,-0.47589,48.756997,4.550144,3.840825,0.334608,FAIL
S00014,L0000,T02,14,103.292916,-0.071804,88.641439,109.448328,-0.688268,-0.282305,52.708331,3.386963,1.56412,0.048041,FAIL
S00040,L0002,T01,40,114.208419,0.019083,95.882857,111.848673,-0.639039,0.282437,53.199131,2.179828,2.484321,0.027471,FAIL
S00289,L0014,T01,289,112.435854,-0.013091,93.383393,106.678526,-0.360214,-0.536267,52.911485,1.804774,3.831929,0.040577,PASS
S00042,L0002,T01,42,91.151108,0.059429,97.37727,110.457572,-0.915004,0.12388,46.278937,3.020384,1.414078,0.03233,FAIL
S00741,L0037,T02,741,101.08186,-0.016474,92.356159,112.496128,-0.450413,-0.642673,52.689455,2.496395,2.394415,0.034512,PASS
S00554,L0027,T01,554,103.234204,-0.006878,102.928686,106.410464,0.501589,-0.364026,50.868837,1.968485,4.043228,0.052174,PASS
S00592,L0029,T01,592,93.515348,-0.047213,93.618097,113.942385,0.05542,0.524771,45.668472,2.730581,4.498699,0.123122,FAIL
S00564,L0028,T02,564,100.557815,-0.147441,92.052279,110.575204,0.888791,0.361675,51.725562,5.249115,1.165483,0.178026,FAIL
S00262,L0013,T02,262,102.590921,0.020367,89.753734,109.610758,0.981346,0.836473,53.216069,3.086527,1.187856,0.03036,FAIL
S00131,L0006,T01,131,90.641673,0.008053,100.583486,108.98778,-0.470552,0.040049,45.807535,1.822639,1.784305,0.013745,FAIL
S00221,L0011,T02,221,102.998036,-0.058068,99.455916,108.695629,-0.469472,0.512032,51.622409,2.93023,1.652139,0.033924,PASS
S00757,L0037,T02,757,99.358805,-0.049457,90.012934,112.965663,0.049442,0.278478,49.485375,2.936052,3.008497,0.069275,PASS
S00060,L0003,T01,60,99.290028,0.095525,96.211986,110.009809,0.722125,-0.164808,48.868963,3.574185,1.275182,0.048481,FAIL
S00368,L0018,T01,368,108.456033,0.000313,97.108694,,-0.617809,0.598092,52.554635,1.737331,1.931092,0.013798,PASS
S00255,L0012,T01,255,98.70757,-0.046489,102.504891,110.037365,0.213542,0.166517,47.652612,2.543682,1.288726,0.019901,PASS
S00167,L0008,T01,167,100.139629,0.044778,96.998874,107.671758,-0.001407,0.183734,48.90265,2.458617,2.271655,0.031285,PASS
S00294,L0014,T01,294,94.380878,-0.032894,97.733983,108.640543,-0.183201,-0.447062,48.017388,2.616958,1.931991,0.02997,PASS
S00331,L0016,T01,331,107.45955,0.042168,93.697586,108.376385,-0.446216,-0.85146,52.140327,3.306518,2.167885,0.061411,FAIL
S00204,L0010,T02,204,108.912931,-0.026958,97.610249,104.270727,-0.071013,0.800731,53.308293,2.31718,8.237167,0.430675,FAIL
S00345,L0017,T01,345,104.948313,-0.027877,97.706071,108.862868,-0.282818,0.500227,50.386926,2.263401,1.536458,0.01776,PASS
S00624,L0031,T01,624,97.86924,0.109061,98.482099,112.572822,-0.320107,-0.813785,47.715127,4.066709,2.267481,0.120485,FAIL
S00113,L0005,T01,113,104.453899,0.058918,95.676056,107.212333,-0.767351,0.065756,51.562985,3.326067,2.996927,0.095071,FAIL
S00291,L0014,T01,291,93.546443,-0.106929,94.670379,110.10062,0.520603,-0.6009,47.219899,4.025802,1.381025,0.075006,FAIL
S00778,L0038,T02,778,100.65925,0.143292,100.473374,111.847089,0.218511,0.298381,50.716571,4.455177,1.868398,0.134969,FAIL
S00518,L0025,T03,518,103.144885,0.063904,101.050817,110.605315,-0.617816,-0.348189,53.987186,2.754032,1.331962,0.024512,FAIL
S00232,L0011,T01,232,100.639155,-0.05333,103.29854,111.747286,,0.0604,50.123547,3.230176,1.641044,0.043719,FAIL
S00619,L0030,T01,619,101.591233,0.025528,93.796167,108.920506,-0.508721,0.984544,50.33083,3.065932,1.516205,0.035511,PASS
S00681,L0034,T02,681,98.865233,-0.008746,96.582489,107.451093,0.730318,-0.543912,51.373682,2.517525,2.512504,0.037422,PASS
S00434,L0021,T02,434,102.71139,0.057405,96.110564,108.835808,0.687018,0.818178,52.506322,3.483878,1.669197,0.055125,FAIL
S00623,L0031,T01,623,97.530533,-0.037037,87.479223,109.845478,0.461132,0.884627,49.803958,2.993154,1.280482,0.029401,PASS
S00145,L0007,T02,145,90.569189,0.126832,98.028621,109.428847,-0.425658,0.912591,48.551617,5.077326,1.663883,0.196191,FAIL
S00372,L0018,T02,372,96.516284,-0.055304,90.53992,108.273557,-0.894838,0.950146,51.495715,4.027414,1.88407,0.096731,FAIL
S00605,L0030,T03,605,103.99942,0.11447,90.26841,103.387118,-0.041394,0.024028,54.090619,3.757526,9.905281,0.873766,FAIL
S00423,L0021,T02,423,97.689464,0.275228,93.031258,109.944234,-0.361912,0.769402,53.018151,7.085822,1.510693,0.577647,FAIL
S00306,L0015,T01,306,103.933344,0.058202,102.070414,111.73475,-0.201193,-0.452069,50.248941,3.131195,1.921919,0.046536,PASS
S00136,L0006,T02,136,100.623541,-0.043179,95.259793,108.907417,-0.534865,-0.651234,51.532808,3.228752,1.613819,0.043045,FAIL
S00684,L0034,T03,684,91.735076,0.000974,96.419742,111.606632,0.345791,-0.414358,48.738901,1.821117,2.142161,0.016662,PASS
S00784,L0039,T02,784,91.137989,0.006692,91.474966,109.198395,-0.244931,-0.774189,49.483042,2.108577,1.774509,0.017614,PASS
S00560,L0028,T01,560,100.232012,-0.00204,83.586668,113.182506,0.250786,0.412547,49.516217,1.871163,3.259941,0.031738,PASS
S00358,L0017,T02,358,99.183729,-0.068796,91.652562,107.488634,0.223769,0.095625,50.625668,2.847532,2.824931,0.058497,PASS
S00029,L0001,T02,29,95.382955,0.082295,91.389373,109.813187,-0.060445,0.615885,48.406113,3.194984,1.064542,0.031249,FAIL
S00430,L0021,T02,430,102.963397,-0.175852,92.12895,385.465079,0.553763,-0.836662,53.294211,5.384561,2.175348,0.298918,FAIL
S00243,L0012,T03,243,101.074512,-0.185075,96.43685,108.691946,0.357177,0.069142,53.663931,5.486113,1.692364,0.263725,FAIL
S00330,L0016,T01,330,103.594404,0.008868,93.70162,105.627065,0.589323,-0.575148,50.709281,2.427428,5.363164,0.146718,PASS
S00427,L0021,T01,427,98.269138,0.146717,87.478654,112.241396,0.766106,-0.877669,50.449048,5.237001,2.407621,0.29786,FAIL
S00324,L0016,T01,324,98.828525,-0.144946,105.299771,111.920556,0.511442,0.932143,49.961057,4.835389,1.976503,0.189069,FAIL
S00597,L0029,T01,597,102.024195,0.074347,94.976177,106.682,0.701044,-0.430573,50.573414,3.167709,3.696854,0.118074,PASS
S00185,L0009,T01,185,98.55808,0.037279,87.627579,108.280459,-0.628951,0.337482,50.247893,2.79831,1.608014,0.029537,PASS
S00477,L0023,T01,477,100.154673,0.068503,100.127112,108.773659,-0.006963,0.911647,50.287669,3.502489,1.592488,0.053815,FAIL
S00497,L0024,T01,497,99.732414,0.100442,91.104415,108.89769,0.761151,0.516578,50.513212,3.808484,1.514889,0.066971,FAIL
S00116,L0005,T02,116,101.268001,0.00525,91.790544,107.007738,0.440552,-0.021674,50.512702,1.796856,2.967869,0.025444,PASS
S00009,L0000,T01,9,104.610906,0.073657,98.86148,105.883611,-0.712065,0.27011,51.484838,3.114216,4.830423,0.192247,PASS
S00062,L0003,T03,62,106.560647,-0.178794,99.472476,106.872635,-0.544634,0.500493,54.888326,5.130534,3.431069,0.403614,FAIL
S00311,L0015,T01,311,106.000558,0.065795,91.289375,111.154957,0.484182,-0.973893,52.512862,3.57508,1.665642,0.05945,FAIL
S00090,L0004,T03,90,98.182868,0.078555,91.284254,108.133302,0.606736,0.270782,51.432023,3.472331,2.112186,0.068613,FAIL
S00568,L0028,T02,568,94.160242,0.102641,92.631372,106.848132,-0.550304,-0.886999,50.697348,4.326018,3.262595,0.230205,FAIL
S00492,L0024,T01,492,101.195883,-0.064133,93.101044,109.806438,-0.265571,-0.23705,48.866137,2.431375,1.200178,0.01718,PASS
S00487,L0024,T02,487,95.278814,0.007178,94.479441,110.364674,0.93798,-0.668713,49.590094,2.36309,1.35279,0.017564,PASS
S00264,L0013,T02,264,109.104123,0.155451,91.215271,110.472277,-0.606397,0.898516,55.438488,5.257149,1.358094,0.195193,FAIL
S00250,L0012,T01,250,98.265723,-0.001046,91.136872,108.799704,-0.329787,0.819299,50.594865,2.167127,1.408094,0.015215,PASS
S00622,L0031,T01,622,99.31512,0.067579,98.268713,113.556046,0.279644,0.307341,48.401718,3.043435,3.826317,0.113908,PASS
S00252,L0012,T01,252,106.353841,0.091001,96.82072,110.474262,0.775979,-0.419484,51.816842,3.301547,1.625289,0.046102,FAIL
S00128,L0006,T03,128,102.248772,0.061329,91.606415,111.787484,0.436677,-0.549598,52.974483,3.154746,2.12266,0.052737,PASS
S00764,L0038,T01,764,93.820202,-0.019031,94.422873,108.414934,0.75806,0.776856,48.39695,2.466063,2.072988,0.028322,PASS
S00108,L0005,T02,108,99.028726,-0.169389,89.63116,110.059249,-0.923103,-0.710315,52.702734,5.694874,0.963116,0.224453,FAIL
S00534,L0026,T01,534,103.585762,-0.116931,93.622051,109.44246,-0.42895,0.788354,51.606008,4.53579,1.331973,0.111036,FAIL
S00565,L0028,T01,565,104.140826,0.014104,89.675727,109.077419,0.969366,-0.841406,51.952204,3.122103,1.483649,0.036647,PASS
S00718,L0035,T01,718,99.829953,0.050343,100.861759,106.20683,-0.339921,0.616316,48.25693,2.777853,3.999476,0.10018,PASS
S00512,L0025,T02,512,99.723636,-0.169181,92.553295,106.272543,0.576747,-0.751575,52.23183,5.467353,3.887049,0.540783,FAIL
S00786,L0039,T01,786,90.153421,0.061379,96.799724,111.987613,0.648983,-0.856085,47.128587,3.485255,2.277169,0.075451,FAIL
S00369,L0018,T02,369,99.487144,-0.018491,94.924723,109.997418,0.002522,-0.677677,51.092581,2.446807,1.118986,0.016668,PASS
S00010,L0000,T02,10,101.097974,0.103269,92.031479,109.302723,-0.847124,0.942396,52.766443,5.224917,1.246777,0.181406,FAIL
S00163,L0008,T01,163,104.104674,-0.056936,93.240024,114.572608,0.865183,-0.694932,51.734223,3.665456,5.239149,0.328593,FAIL
S00323,L0016,T02,323,95.738544,0.095977,93.872542,107.489822,0.953642,0.388548,49.649786,4.498853,2.521745,0.188609,FAIL
S00235,L0011,T02,235,101.767795,0.013113,100.170455,107.45103,0.861939,-0.276542,50.39802,2.504985,2.548076,0.037722,PASS
S00244,L0012,T02,244,94.147664,-0.065439,99.529451,110.269465,0.930891,-0.900816,49.766982,4.47108,1.211519,0.09933,FAIL
S00667,L0033,T03,667,97.798877,0.027166,95.904867,109.466068,-0.96776,0.624462,53.38111,2.964055,1.30905,0.029103,FAIL
S00002,L0000,T02,2,89.720807,-0.08023,97.287606,110.391164,-0.745166,-0.40145,47.3841,3.618206,1.864114,0.068284,FAIL
S00616,L0030,T01,616,99.713899,-0.062637,93.664207,110.150446,0.867262,0.793607,49.301047,3.765205,1.437461,0.062053,FAIL
S00162,L0008,T02,162,96.675572,-0.048677,95.681561,108.664355,-0.645743,0.458759,50.641898,2.846762,1.509921,0.029242,PASS
S00394,L0019,T01,394,98.901198,0.024782,,113.563046,-0.039891,0.704107,48.226301,2.256529,3.638967,0.054029,PASS
S00160,L0008,T01,160,98.770146,0.206667,93.295749,109.984779,0.5696,-0.409709,49.955361,5.354676,1.293563,0.203537,FAIL
S00468,L0023,T02,468,87.369359,0.122312,86.632948,112.218006,0.209597,-0.714773,49.29363,4.453302,2.808621,0.207134,FAIL
S00109,L0005,T01,109,86.723911,-0.021437,96.726498,110.162127,0.149454,-0.029553,43.318894,2.105916,1.543025,0.015504,FAIL
S00340,L0017,T01,340,106.877008,-0.077998,95.085535,109.086941,-0.36423,-0.148221,50.690763,3.318809,1.329344,0.040043,FAIL
S00399,L0019,T02,399,99.017433,-0.034664,97.266544,112.850616,0.861233,-0.951404,50.909612,3.28808,2.892945,0.087495,FAIL
S00567,L0028,T01,567,99.398209,0.050079,93.271994,109.373828,-0.073692,-0.143554,49.235806,2.480706,1.105521,0.017051,PASS
S00260,L0013,T01,260,99.373326,-0.067938,93.036125,111.139757,-0.870811,-0.971115,49.458454,4.523454,1.40339,0.113848,FAIL
S00263,L0013,T03,263,95.870662,-0.072682,93.94171,110.323806,0.69224,0.694442,51.383072,3.873718,1.26027,0.062065,FAIL
S00579,L0028,T01,579,96.842322,0.03543,88.868175,110.462186,-0.146289,0.713498,49.617276,2.779649,1.335046,0.02511,PASS
S00546,L0027,T02,546,97.22499,-0.064444,88.83472,107.486332,0.189051,0.644353,49.844813,3.271268,2.48808,0.070279,FAIL
S00702,L0035,T02,702,101.209473,-0.02365,102.65502,108.981072,-0.020539,-0.598409,51.586757,2.202631,1.60325,0.017449,PASS
S00429,L0021,T03,429,102.15216,-0.005092,92.867487,105.271269,0.631011,0.444529,54.499975,1.954837,5.846041,0.127825,FAIL
S00495,L0024,T02,495,96.565842,-0.017692,90.416328,114.214576,0.558971,-0.681397,49.355695,2.465801,5.018344,0.128343,PASS
S00173,L0008,T01,173,103.273657,-0.064043,97.756273,108.68993,0.439479,0.70316,50.034618,3.632249,1.742662,0.064918,FAIL
S00576,L0028,T01,576,105.972242,-0.193023,100.616989,107.093401,0.321415,0.178405,52.859828,4.995445,3.343257,0.363476,FAIL
S00385,L0019,T01,385,96.455459,0.018238,91.670842,111.407577,0.67378,-0.983151,48.401694,3.214525,1.664173,0.043662,FAIL
S00209,L0010,T01,209,97.378498,-0.082584,97.101742,110.937469,0.838458,0.155631,48.236558,3.340704,1.378292,0.041874,FAIL
S00450,L0022,T03,450,91.82998,0.07301,97.13991,108.661486,-0.026522,-0.569932,48.773395,3.390172,1.803653,0.054586,FAIL
S00519,L0025,T03,519,102.039289,-0.05312,97.615144,113.04881,-0.692819,-0.618119,53.009837,3.549532,3.227247,0.127257,FAIL
S00589,L0029,T01,589,95.614718,-0.06945,98.91444,107.666673,,0.82556,48.710061,4.328861,2.662233,0.177293,FAIL
S00469,L0023,T02,469,92.838309,0.178377,93.999407,110.022852,-0.488617,-0.42945,49.245501,5.086834,1.422755,0.17736,FAIL
S00413,L0020,T01,413,105.001103,0.020632,95.564812,109.583213,-0.507039,0.702423,50.628411,2.52144,1.677286,0.024052,PASS
S00045,L0002,T03,45,99.926798,-0.067146,98.320071,108.330758,0.519259,0.113744,52.072603,3.341504,1.946913,0.056421,FAIL
S00143,L0007,T01,143,106.365678,0.029534,95.269392,109.816395,0.091786,-0.34376,51.948235,2.860444,1.549254,0.030222,PASS
S00226,L0011,T02,226,105.60674,-0.009369,95.666875,108.336725,0.551603,0.185487,52.126352,2.246195,1.960624,0.021987,PASS
S00675,L0033,T03,675,99.881535,-0.023715,86.259012,106.315118,0.548679,-0.168252,52.58113,2.417669,3.796709,0.067176,PASS
S00767,L0038,T03,767,104.298898,0.044746,86.031164,109.61651,0.250376,0.269502,53.879327,2.623564,1.506023,0.023998,FAIL
S00587,L0029,T01,587,105.922274,0.051368,94.139196,111.414626,0.702513,0.050512,51.108986,3.222431,1.587406,0.042219,FAIL
S00428,L0021,T03,428,104.438602,0.141049,94.51389,110.213864,0.652029,0.173167,54.921499,4.916078,1.154172,0.137556,FAIL
S00212,L0010,T02,212,101.302945,-0.032505,96.469211,111.379889,-0.30908,-0.854692,52.062412,2.666496,1.840926,0.02981,PASS
S00175,L0008,T01,175,99.074465,-0.132177,94.935596,110.387505,0.435895,0.478879,48.144337,4.11541,1.422881,0.082523,FAIL
S00333,L0016,T01,333,99.926163,0.011423,97.56785,109.41735,0.724131,0.629497,49.592909,2.484605,1.011831,0.016265,PASS
S00708,L0035,T01,708,97.621394,-0.038386,92.425765,112.539193,0.523918,0.38147,48.232255,3.068332,2.503853,0.059727,PASS
S00396,L0019,T01,396,101.128028,0.038639,94.836077,111.717024,0.277897,-0.146351,49.574829,2.553195,1.760685,0.025863,PASS
S00290,L0014,T02,290,101.423918,-0.06872,97.316625,110.166366,-0.817863,-0.561191,51.474018,3.472028,1.223547,0.043222,FAIL
S00328,L0016,T02,328,101.574263,-0.048623,90.564275,108.778395,-0.431637,0.264626,51.636393,2.636385,1.361851,0.022461,FAIL
S00541,L0027,T01,541,103.782178,-0.082652,99.440501,110.942874,-0.039216,-0.838451,50.457064,3.413742,1.691317,0.05253,FAIL
S00284,L0014,T01,284,102.583841,0.042868,94.606786,112.128069,-0.187993,0.046338,49.511074,2.324945,1.995606,0.02401,PASS
S00732,L0036,T01,732,93.099913,0.022763,93.518919,109.15638,0.451242,0.969144,48.689519,3.222685,1.836568,0.048132,FAIL
S00610,L0030,T01,610,91.97912,-0.005458,99.781533,108.942103,0.592419,0.371085,45.240425,2.490425,1.977812,0.027496,FAIL
S00027,L0001,T01,27,101.801016,0.020577,96.647771,107.581924,0.516704,0.87157,47.959673,3.011179,2.731996,0.064023,PASS
S00538,L0026,T01,538,107.405393,0.019234,92.906037,110.183905,-0.459287,0.0854,52.098259,2.392355,1.468655,0.019188,PASS
S00030,L0001,T02,30,97.839472,0.073423,93.467838,111.741539,0.51904,-0.586002,49.628606,3.320992,1.796394,0.051266,FAIL
S00230,L0011,T03,230,94.727397,0.009946,102.899959,105.544003,-0.990351,-0.065801,49.752453,2.45694,5.213264,0.139859,PASS
S00686,L0034,T01,686,96.464836,0.026349,96.227979,108.250326,-0.852181,-0.384415,48.37399,2.849079,1.86389,0.035377,PASS
S00769,L0038,T02,769,106.143742,,93.65557,111.931249,-0.334212,0.289318,53.575344,2.211992,1.675575,0.018295,FAIL
S00196,L0009,T01,196,104.483914,0.039878,95.035945,115.131177,0.620244,-0.451314,52.369306,2.565035,6.667,0.285036,PASS
S00734,L0036,T01,734,100.348699,-0.004138,90.55969,108.152432,-0.23928,0.089192,48.998566,1.788128,2.095366,0.015778,PASS
S00104,L0005,T01,104,97.625583,-0.007147,103.27189,113.095527,0.930406,0.120141,46.589741,2.103511,2.964665,0.033205,FAIL
S00478,L0023,T02,478,104.015996,,92.842833,108.575812,0.666918,-0.740242,53.503218,3.0383,1.872091,0.041851,FAIL
S00785,L0039,T01,785,103.152755,0.091679,97.081618,110.160435,0.472245,0.315149,50.812212,3.563414,1.088555,0.043554,FAIL
S00765,L0038,T03,765,96.57924,0.017319,97.147513,111.482625,-0.68769,-0.536388,51.26973,2.455343,1.633658,0.022168,PASS
S00355,L0017,T02,355,92.780729,0.000435,90.076734,106.766352,-0.955756,0.960111,49.517844,3.535015,3.56371,0.147613,FAIL
S00446,L0022,T01,446,99.357779,0.134389,92.810876,108.999561,-0.703376,0.737554,49.347438,4.724547,1.578821,0.144977,FAIL
S00753,L0037,T01,753,103.391678,0.137582,94.234119,112.153176,-0.554634,-0.439901,51.044981,4.180059,2.182858,0.126488,FAIL
S00690,L0034,T01,690,103.464868,-0.005358,95.616482,109.611276,-0.105336,0.856802,51.208813,2.127696,1.197362,0.013106,PASS
S00771,L0038,T01,771,98.826807,-0.030329,98.820757,110.346544,-0.141543,0.062971,46.77987,2.132841,1.217497,0.01331,FAIL
S00488,L0024,T01,488,99.532336,-0.093991,100.732414,110.750157,-0.873825,0.1021,49.072797,3.908921,1.510442,0.07268,FAIL
S00736,L0036,T01,736,100.012828,-0.081945,89.71866,113.240109,0.900854,0.859698,50.958539,4.297667,3.227802,0.222387,FAIL
S00075,L0003,T01,75,92.88032,-0.10704,94.328947,110.801709,0.594494,-0.45291,48.498876,3.959381,1.547421,0.077238,FAIL
S00072,L0003,T01,72,84.81024,-0.00654,98.503105,110.851164,-0.049081,0.900645,45.103979,1.874464,1.95691,0.015802,FAIL
S00043,L0002,T02,43,106.141808,0.110123,93.892683,111.951411,-0.073434,0.539742,54.565298,4.071826,1.94336,0.103261,FAIL
S00058,L0002,T01,58,,-0.0166,96.620893,109.432526,-0.247214,-0.528102,50.573373,2.140371,1.244876,0.0136,PASS
S00615,L0030,T03,615,105.322512,-0.013319,97.594379,114.298346,0.74946,-0.214331,54.876116,2.838723,5.476029,0.209435,FAIL
S00301,L0015,T01,301,104.174848,0.021493,94.24803,110.574554,0.148048,0.158368,51.042892,2.08482,1.129371,0.012158,PASS
S00588,L0029,T01,588,98.157549,-0.091547,92.953146,109.498912,-0.541244,-0.584533,47.366455,3.497347,1.371304,0.047735,FAIL
S00084,L0004,T01,84,113.941521,-0.091222,102.730689,109.461891,-0.994416,0.466636,55.535252,4.277261,1.815879,0.114383,FAIL
S00102,L0005,T01,102,105.501193,0.019519,98.207845,110.633096,0.444478,-0.866752,52.197055,2.528336,1.359248,0.020394,PASS
S00700,L0035,T02,700,106.199755,0.014786,90.978926,112.707909,-0.3165,0.957165,52.245479,2.69841,2.901905,0.053637,PASS
S00195,L0009,T01,195,95.485807,0.043753,88.046694,108.705839,0.364037,-0.005806,47.510415,2.457074,1.863907,0.025124,PASS
S00309,L0015,T01,309,101.733784,-0.02185,102.854851,107.849217,-0.492657,-0.794103,48.775199,2.807754,2.129607,0.039289,PASS
S00422,L0021,T02,422,93.212249,-0.058899,93.284084,113.603281,-0.123239,-0.008942,48.026424,3.054505,3.921897,0.120373,PASS
S00397,L0019,T01,397,98.142842,-0.103607,91.696092,108.459889,0.667367,0.993809,49.665915,4.762799,1.571225,0.148767,FAIL
S00046,L0002,T01,46,98.961403,-0.01201,99.479823,112.074441,0.626084,0.295868,50.274556,1.86569,2.063031,0.016607,PASS
S00085,L0004,T02,85,96.230959,-0.088579,94.72805,109.878956,-0.451409,0.137912,49.569807,3.224093,1.19787,0.034407,FAIL
S00514,L0025,T01,514,101.242042,0.112199,92.218894,111.57083,0.933135,0.76768,51.224112,4.945735,1.47995,0.163849,FAIL
S00132,L0006,T02,132,107.914512,-0.030614,90.159995,111.389662,0.660408,-0.895168,53.507947,3.432508,1.631699,0.051744,FAIL
S00798,L0039,T02,798,107.475158,-0.069192,93.082436,110.59404,-0.144108,-0.738859,52.476374,3.417543,1.435852,0.046111,FAIL
S00419,L0020,T02,419,96.816867,-0.125953,97.206398,109.247829,0.718757,-0.901338,50.780426,4.625317,1.626749,0.137347,FAIL
S00152,L0007,T01,152,94.448675,0.02416,89.552879,113.926576,-0.872844,0.187332,46.989044,2.343454,4.331465,0.0829,FAIL
S00685,L0034,T01,685,105.338671,0.062933,89.359399,112.48884,-0.004179,0.672517,51.12476,2.963793,2.603383,0.057556,PASS
S00238,L0011,T01,238,99.968307,0.055482,101.412463,107.560786,-0.459031,-0.328421,49.809743,2.636362,2.342685,0.037913,PASS
S00583,L0029,T02,583,104.991132,-0.041402,98.135244,113.560323,0.224371,-0.838321,52.065971,2.874942,3.633463,0.090368,PASS
S00356,L0017,T01,356,98.19746,0.139593,93.236692,111.451366,0.818161,0.435574,49.430926,4.806454,1.322889,0.136862,FAIL
S00465,L0023,T01,465,93.284698,0.044874,91.42333,109.939739,-0.730961,0.458551,47.417447,3.271938,1.480313,0.041643,FAIL
S00638,L0031,T01,638,104.013925,0.066208,90.91338,111.790588,0.049657,-0.46891,50.810962,2.975238,2.010288,0.04263,PASS
S00447,L0022,T03,447,97.814562,-0.121078,91.869921,115.267072,0.863409,0.516228,52.978449,4.635633,6.848192,0.739539,FAIL
S00657,L0032,T01,657,93.105164,-0.009778,93.388197,106.754073,0.191113,-0.023609,49.179393,1.416065,3.639718,0.026117,PASS
S00272,L0013,T01,272,104.273759,-0.056942,92.716365,111.883047,0.125595,0.039052,50.299906,2.637715,1.883128,0.029732,PASS
S00687,L0034,T03,687,103.477539,0.101523,97.567158,107.869546,0.601322,-0.805723,53.238647,4.044735,2.346977,0.123045,FAIL
S00391,L0019,T03,391,105.802276,-0.063219,89.57861,111.28826,-0.725813,0.920893,54.078216,3.891183,2.066203,0.094788,FAIL
S00170,L0008,T01,170,104.279641,0.045659,93.163734,110.679754,0.640734,0.588606,50.297639,3.002306,1.148702,0.027622,PASS
S00602,L0030,T03,602,97.88353,0.091846,101.478784,109.377268,0.259361,0.629204,51.537424,3.793627,1.832457,0.077781,FAIL
S00651,L0032,T01,651,100.154457,-0.030999,95.186837,113.028983,0.924038,-0.972223,50.575658,3.840976,2.966734,0.141072,FAIL
S00524,L0026,T03,524,96.99062,-0.069539,86.378785,107.309854,0.028185,0.313722,52.060642,2.961221,2.691832,0.060121,PASS
S00542,L0027,T01,542,102.752724,-0.09892,92.998261,,,-0.25372,49.7405,3.27583,1.823751,0.050036,FAIL
S00096,L0004,T02,96,99.598866,-0.029364,93.124261,112.805044,-0.11086,0.35003,50.326341,2.661231,2.702194,0.046811,PASS
S00442,L0022,T02,442,104.994009,-0.052494,91.983826,110.382597,-0.202568,-0.467518,52.413267,3.027328,1.307832,0.030736,PASS
S00341,L0017,T01,341,104.461297,-0.080649,96.506694,110.234018,0.044942,0.167049,49.978548,2.980856,1.168672,0.027399,PASS
S00126,L0006,T02,126,99.534665,0.029331,96.837414,108.279866,-0.752712,0.065716,51.779816,2.554592,1.982574,0.029157,PASS
S00398,L0019,T01,398,104.963356,-0.140537,98.836143,109.981738,0.361911,0.521443,50.135593,4.702089,1.295988,0.124518,FAIL
S00698,L0034,T01,698,97.153661,0.011152,95.863972,112.127615,0.467307,-0.127469,47.194963,1.984082,2.078679,0.018596,PASS
S00188,L0009,T01,188,96.10578,0.015897,91.454962,109.586839,-0.226169,-0.714134,49.916344,2.563485,1.28309,0.02019,PASS
S00106,L0005,T01,106,100.899307,-0.091033,89.306407,111.527127,0.147599,-0.885794,50.539347,4.058068,1.89254,0.099585,FAIL
S00482,L0024,T01,482,107.52604,0.0342,92.127753,111.445953,0.850159,-0.794763,54.138512,3.256363,2.177394,0.05915,FAIL
S00134,L0006,T03,134,94.42924,-0.040098,100.428576,111.067481,0.578179,0.036153,49.078636,2.865194,1.581597,0.030875,PASS
S00431,L0021,T02,431,100.241973,0.095804,101.97443,109.866947,0.149677,0.74614,50.057342,4.10793,0.947641,0.064365,FAIL
S00655,L0032,T02,655,99.262202,-0.021492,94.074586,110.424924,0.112105,0.600463,51.609396,2.023257,1.044238,0.01099,PASS
S00505,L0025,T01,505,94.469667,0.081584,956.3316,110.756346,0.174347,-0.246088,49.483141,2.728592,1.590497,0.027532,PASS
S00384,L0019,T02,384,103.56258,-0.068639,94.921169,109.998893,-0.17708,-0.870192,53.288295,3.39683,1.40469,0.044563,FAIL
S00118,L0005,T02,118,106.586144,0.004591,98.781615,109.380604,-0.764822,-0.514928,51.864563,2.272641,1.858041,0.021296,PASS
S00034,L0001,T01,34,97.384119,0.054625,96.249862,110.297784,-0.259406,0.371349,48.178323,2.636992,1.433041,0.02335,PASS
S00704,L0035,T01,704,97.071555,-0.037605,89.426162,111.896739,0.685557,0.166682,47.982034,2.591559,2.207691,0.033949,PASS
S00472,L0023,T01,472,103.603298,0.061082,94.66736,106.57082,-0.128532,-0.517276,48.789991,2.870128,3.497642,0.084078,PASS
S00710,L0035,T02,710,96.040786,-0.037509,95.881268,109.416913,0.880674,-0.837433,48.349927,3.557749,1.326213,0.049097,FAIL
S00448,L0022,T01,448,99.927109,0.070632,96.191635,113.430594,-0.489532,-0.466479,49.969451,2.43321,3.511196,0.058748,PASS
S00572,L0028,T02,572,99.386362,0.012786,97.972486,109.433791,-0.363305,0.66365,48.652675,2.545694,1.553003,0.022984,PASS
S00620,L0031,T01,620,107.255705,-0.041245,89.522977,108.501332,0.302701,0.345383,51.63287,2.435092,1.99496,0.026437,PASS
S00539,L0026,T01,539,108.228332,-0.021415,85.26843,108.494823,-0.227802,0.436025,52.369587,2.810434,2.180496,0.040452,PASS
S00449,L0022,T01,449,95.142425,-0.106107,101.871708,108.083634,0.892446,0.638596,47.808926,4.974002,2.136384,0.223847,FAIL
S00037,L0001,T01,37,96.731584,-0.013495,91.895726,108.482052,-0.033353,0.779353,49.178586,1.826771,1.813286,0.014014,PASS
S00647,L0032,T01,647,93.615039,-0.103482,94.107632,109.120243,0.755391,0.872396,47.057899,4.36292,1.517363,0.105853,FAIL
S00157,L0007,T03,157,94.910312,-0.108891,95.079237,111.569545,0.729342,-0.371544,51.384589,4.443782,1.716681,0.124398,FAIL
S00586,L0029,T03,586,,0.153811,93.994849,111.435571,0.036238,-0.015077,55.94524,4.667233,2.012341,0.169707,FAIL
S00614,L0030,T01,614,97.590017,-0.167922,98.270397,108.050421,0.233268,0.877796,49.255389,5.064863,1.879136,0.213644,FAIL
S00486,L0024,T01,486,102.512232,-0.074717,93.358586,109.285706,-0.256454,0.024364,50.303354,3.186428,1.320304,0.035535,PASS
S00747,L0037,T01,747,111.239125,-0.015922,99.333316,105.323582,-0.737861,-0.766253,53.107069,2.759247,5.796947,0.227346,FAIL
S00334,L0016,T01,334,105.930395,0.102545,96.948589,109.284157,-0.86222,0.998568,52.573305,5.192386,1.584053,0.205768,FAIL
S00414,L0020,T01,414,97.755508,-0.026497,94.907548,108.870309,-0.989477,-0.524107,48.545402,2.567611,1.610036,0.024159,PASS
S00327,L0016,T01,327,98.746599,0.07308,93.699803,112.253141,-0.116012,-0.355851,49.242784,3.27193,2.3501,0.065515,FAIL
S00320,L0016,T01,320,100.581919,-0.102451,96.246569,109.385738,-0.019215,0.372885,49.494518,3.747588,1.329343,0.057811,FAIL
S00003,L0000,T03,3,104.882013,-0.067265,100.668078,107.6575,-0.104395,-0.213687,54.102799,2.579101,2.470522,0.038604,FAIL
S00278,L0013,T01,278,93.658208,-0.037892,94.808721,111.607014,0.911408,0.055035,48.188139,2.950383,1.943784,0.040288,PASS
S00581,L0029,T01,581,96.395777,0.052383,95.257284,107.513419,-0.6475,0.569658,48.098153,3.221812,2.649869,0.073241,FAIL
S00573,L0028,T01,573,100.767541,0.10104,93.590852,108.206186,0.404841,-0.59172,50.121866,3.745156,2.063615,0.083987,FAIL
S00770,L0038,T02,770,100.649183,-0.053091,89.485662,107.792014,-0.267761,-0.536156,50.026044,2.992565,1.916027,0.041175,PASS
S00517,L0025,T01,517,89.191013,0.07393,93.189911,109.336191,0.477621,-0.336446,46.360662,3.654756,1.817797,0.068758,FAIL
S00737,L0036,T01,737,103.614523,-0.012332,91.073383,108.931024,-0.761194,0.591746,49.758461,2.737727,1.416003,0.025277,PASS
S00198,L0009,T03,198,98.627836,-0.158143,93.643916,108.666404,0.986091,0.967795,53.759361,5.616835,1.771325,0.296167,FAIL
S00549,L0027,T02,549,94.977647,0.034383,102.799708,113.141725,0.26568,-0.611635,49.764844,2.703718,3.365539,0.068459,PASS
S00494,L0024,T02,494,101.149567,-0.010969,89.912159,111.105389,0.244488,-0.204506,51.751941,1.968032,1.430679,0.012908,PASS
S00190,L0009,T03,190,105.715851,-0.027987,95.826675,106.319963,-0.171652,-0.336521,54.846754,2.407318,4.216832,0.082477,FAIL
S00110,L0005,T01,110,97.468607,0.071144,92.583902,109.630461,0.024085,0.910282,48.721581,3.519992,1.08991,0.041985,FAIL
S00304,L0015,T01,304,102.595054,0.078876,93.060573,111.671996,-0.849871,0.988235,52.630529,4.524734,1.974783,0.149744,FAIL
S00178,L0008,T03,178,106.780109,0.128339,94.587596,110.561335,0.593154,0.739278,56.255393,4.867829,1.574715,0.161398,FAIL
S00049,L0002,T01,49,96.830232,0.101283,95.63807,109.404713,-0.52759,-0.53637,48.038473,3.780467,1.315739,0.059027,FAIL
S00744,L0037,T01,744,94.791774,0.03318,93.930253,110.851727,-0.988499,-0.5242,47.761338,2.892477,1.748841,0.034559,PASS
S00242,L0012,T01,242,90.981827,0.005318,86.6509,109.699412,-0.14504,-0.134707,46.462612,1.684646,1.575689,0.010855,FAIL
S00335,L0016,T02,335,100.364403,0.159085,93.545478,108.190085,-0.847631,-0.606231,53.454238,5.479595,2.25334,0.326507,FAIL
S00720,L0036,T02,720,107.272541,-0.010628,95.43209,110.94678,0.624507,-0.881594,53.703018,2.693127,1.642751,0.027447,FAIL
S00664,L0033,T01,664,106.128285,0.071664,88.63772,111.615691,-0.721386,0.972929,52.91941,4.066873,2.07002,0.109457,FAIL
S00470,L0023,T01,470,102.809655,0.073413,96.40464,110.024907,-0.502809,-0.544238,50.690127,3.758984,1.280229,0.056905,FAIL
S00408,L0020,T01,408,100.334444,-0.089043,92.600768,111.104827,0.49829,-0.78138,49.875964,4.002819,1.229478,0.0681,FAIL
S00406,L0020,T01,406,100.004823,-0.044559,90.084912,111.988195,-0.442368,-0.197344,50.318508,2.832012,2.151865,0.040595,PASS
S00625,L0031,T01,625,99.654492,-0.010603,86.416203,107.58768,-0.044548,0.481827,49.751644,1.472652,2.200292,0.012624,PASS
S00649,L0032,T02,649,98.273071,0.000856,102.811336,109.608681,,-0.562687,49.839254,2.523149,1.599351,0.023101,PASS
S00444,L0022,T03,444,103.544681,-0.08122,93.155822,108.660561,-0.460552,-0.376133,52.07283,3.162258,1.564873,0.039609,PASS
S00183,L0009,T01,183,100.4624,0.000364,98.986292,105.655601,-0.754011,0.473338,50.03489,2.156192,5.083176,0.103523,PASS
S00057,L0002,T01,57,100.611563,-0.108541,93.718477,107.885346,0.619988,-0.931748,50.993206,4.477248,2.099138,0.15304,FAIL
S00609,L0030,T01,609,102.343395,-0.002688,96.115089,111.192707,-0.398292,0.703797,48.912157,2.446065,1.615051,0.021769,PASS
S00405,L0020,T03,405,100.823237,0.05902,95.711479,110.687663,-0.395857,0.574402,52.293215,2.925743,1.211798,0.026718,PASS
S00642,L0032,T01,642,100.327103,-0.026882,96.712671,106.636216,0.529186,-0.235518,49.216789,2.550351,3.440598,0.062541,PASS
S00787,L0039,T01,787,101.890626,0.12398,91.356476,112.064256,0.828134,0.863536,51.291599,5.179026,1.984625,0.241892,FAIL
S00119,L0005,T02,119,100.653422,0.027117,90.485201,104.559905,0.270942,,52.485591,2.67801,7.033241,0.350576,FAIL
S00679,L0033,T03,679,99.615917,0.023903,101.052895,107.428636,0.889511,-0.932614,51.446378,3.04989,2.705778,0.065258,PASS
S00305,L0015,T03,305,103.061855,0.034133,93.663051,111.677579,0.105437,0.875754,54.647465,3.144772,1.935396,0.047415,FAIL
S00417,L0020,T01,417,104.970413,0.011763,93.053384,108.382438,0.406467,-0.514289,50.843145,2.004736,1.818182,0.016452,PASS
S00208,L0010,T01,208,100.706048,0.027884,103.494511,108.695904,0.128203,-0.646712,48.182404,2.723329,1.357615,0.02419,PASS
S00477,L0023,T01,477,100.154673,0.068503,100.127112,108.773659,-0.006963,0.911647,50.287669,3.502489,1.592488,0.053815,FAIL
S00438,L0021,T01,438,94.469944,0.043964,91.282292,109.098398,-0.118014,-0.919586,49.477543,2.857905,1.60683,0.031095,PASS
S00705,L0035,T01,705,100.40147,-0.157539,91.376095,107.21502,0.623023,-0.293447,50.019632,4.377004,2.983051,0.211648,FAIL
S00636,L0031,T01,636,95.922883,-0.007331,95.04048,,0.063416,-0.994102,49.969926,1.913238,1.265231,0.011237,PASS
S00633,L0031,T03,633,94.939052,-0.017977,93.352697,111.322733,-0.601704,0.642714,51.085676,2.466088,1.564057,0.021556,PASS
S00793,L0039,T03,793,92.155591,0.161099,85.754079,105.927627,0.086674,-0.573435,51.918997,4.648719,5.052945,0.516985,FAIL
S00543,L0027,T01,543,95.994943,-0.001821,101.127287,109.943906,0.726781,-0.092211,47.093887,2.007584,1.496317,0.013854,PASS
S00203,L0010,T03,203,94.664024,-0.021365,100.147554,109.70188,-0.607438,-0.745569,48.940558,2.376001,1.212215,0.016466,PASS
S00093,L0004,T01,93,103.038354,-0.060925,90.516296,109.29943,0.544746,-0.350162,49.897902,2.929473,1.399047,0.029627,PASS
S00621,L0031,T01,621,101.634459,-0.006384,98.885661,113.007577,0.087189,0.317606,48.157296,1.705505,3.282194,0.027792,PASS
S00578,L0028,T01,578,100.527001,0.0189,92.299669,107.037004,-0.485982,-0.167381,47.970563,2.32849,2.688505,0.034868,PASS
S00673,L0033,T01,673,99.027726,-0.101502,94.407943,109.130868,0.584683,-0.931996,48.827954,4.305526,1.370258,0.093945,FAIL
S00259,L0012,T01,259,102.754183,0.054039,99.550232,113.48826,0.980212,0.481879,49.875959,3.309992,3.926515,0.147239,FAIL
S00467,L0023,T01,467,96.433696,0.079092,95.272602,109.109778,-0.461114,0.84608,50.038953,4.023018,1.627187,0.084762,FAIL
S00493,L0024,T01,493,95.166419,-0.09265,97.692733,108.613127,0.159323,-0.295507,45.725002,3.13226,1.578245,0.038868,FAIL
S00426,L0021,T03,426,104.759682,,93.803143,111.305181,-0.779531,-0.373804,54.141644,3.777209,1.734608,0.073001,FAIL
S00142,L0007,T01,142,111.069954,0.063174,96.938367,111.685761,-0.052684,-0.768455,52.750373,3.075925,1.88884,0.043613,FAIL
S00680,L0034,T02,680,,0.056643,98.489707,114.324471,0.117214,0.633553,49.193353,2.927847,5.128088,0.191625,PASS
S00351,L0017,T02,351,101.323012,0.064348,99.988765,109.854188,-0.717734,-0.396533,51.129733,3.426937,1.359404,0.044656,FAIL
S00552,L0027,T01,552,95.462665,-0.111536,97.8304,108.567275,-0.804314,0.601191,48.314748,4.409619,1.770647,0.124282,FAIL
S00092,L0004,T02,92,97.729055,0.060147,91.981247,110.314553,-0.300946,0.303119,50.055305,3.224809,1.364229,0.037603,FAIL
S00395,L0019,T02,395,90.363777,-0.030818,95.196661,112.231721,0.944684,-0.078395,46.845899,3.132273,2.515477,0.063421,FAIL
S00099,L0004,T03,99,92.046037,-0.155287,95.88391,111.819849,-0.390079,0.714413,51.01774,5.137145,2.179885,0.254903,FAIL
S00513,L0025,T02,513,96.949834,-0.02375,92.101695,110.763519,-0.61167,-0.92877,48.819031,3.130509,1.623448,0.039748,PASS
S00637,L0031,T02,637,103.509851,0.037389,104.662122,111.499653,-0.9797,0.270733,52.305168,2.864773,1.865095,0.035885,PASS
S00133,L0006,T02,133,97.822633,-0.026732,94.92001,108.068742,0.364392,0.593034,50.032328,2.258848,1.869733,0.021172,PASS
S00751,L0037,T02,751,93.89904,-0.006862,97.905726,112.05592,-0.84424,0.742531,49.638177,2.736205,2.46133,0.043995,PASS
S00251,L0012,T02,251,93.957907,0.057233,94.686765,112.103598,0.307303,-0.554583,50.201972,2.757926,2.465816,0.04493,PASS
S00101,L0005,T01,101,92.799098,-0.018669,96.066736,110.71642,-0.130418,-0.040149,47.114702,2.47228,1.425561,0.020117,PASS
S00451,L0022,T01,451,102.553214,0.067351,94.512273,108.790094,0.345348,-0.665855,51.365569,3.097057,1.369431,0.033749,PASS
S00211,L0010,T01,211,108.300322,-0.083767,99.396849,108.903826,-0.947881,-0.215995,50.945147,3.856356,1.618825,0.073514,FAIL
S00299,L0014,T01,299,101.966298,-0.015984,91.71226,108.41991,0.345453,-0.6061,49.72094,2.302349,1.910587,0.022487,PASS
S00402,L0020,T01,402,99.762075,-0.070888,97.363969,112.033399,-0.266457,0.184474,49.994943,2.474001,1.998947,0.027412,PASS
S00266,L0013,T01,266,102.340441,-0.000851,89.840784,106.321833,-0.526464,-0.29875,51.165146,1.89321,4.140141,0.051464,PASS
S00772,L0038,T03,772,100.136963,0.096476,98.25465,109.420142,-0.182379,0.032131,51.982264,3.102851,1.06274,0.028806,PASS
S00794,L0039,T01,794,96.004215,0.041639,98.435462,110.430216,-0.296159,0.193376,48.243012,2.296615,1.424367,0.017214,PASS
S00149,L0007,T02,149,96.946497,0.116421,104.957509,114.088682,0.153422,0.895831,50.474753,4.60948,4.457587,0.42683,FAIL
S00617,L0030,T02,617,89.49696,0.074231,94.868517,109.174128,-0.549686,0.48714,48.297654,3.390665,1.69454,0.051593,FAIL
S00763,L0038,T01,763,103.087008,-0.033305,95.126831,107.330504,-0.706527,-0.776659,50.499723,2.883584,2.609127,0.053924,PASS
S00111,L0005,T01,111,107.840319,-0.053608,96.368766,106.407979,0.001692,-0.602709,51.977619,2.497528,4.17543,0.087007,PASS
S00563,L0028,T01,563,99.275132,0.015992,90.115064,110.616386,0.288576,-0.258091,49.004825,1.639881,1.322,0.009085,PASS
S00089,L0004,T01,89,103.080333,0.066191,86.557555,111.392006,0.967245,-0.913966,51.466196,4.667383,1.579663,0.13877,FAIL
S00503,L0025,T02,503,102.86804,0.080014,93.881753,109.710376,0.171744,0.08117,51.611328,3.214994,1.406451,0.038127,FAIL
S00383,L0019,T01,383,102.779335,0.030252,98.993377,108.667572,0.883602,-0.057837,48.778161,2.928829,1.40361,0.029682,PASS
S00028,L0001,T01,28,102.476815,0.090554,95.323532,110.295147,0.161264,0.208826,49.817699,3.382971,1.241044,0.040397,FAIL
S00790,L0039,T01,790,95.659702,0.054776,98.561353,113.332444,-0.593315,0.217557,48.75222,2.911743,3.595002,0.091357,PASS
S00094,L0004,T01,94,92.125793,0.052917,103.433362,109.330516,0.087968,-0.857404,44.750307,3.276486,1.450436,0.041153,FAIL
S00303,L0015,T01,303,94.637976,-0.082665,87.719827,112.610728,-0.8031,0.077357,48.682752,3.646711,2.489692,0.0959,FAIL
S00281,L0014,T03,281,106.796374,0.004693,94.458662,109.761463,-0.689315,-0.355278,55.393578,1.686513,1.016625,0.008018,FAIL
S00454,L0022,T01,454,94.104049,0.056992,93.663103,111.752212,0.528443,-0.755326,47.524224,3.547979,2.058217,0.071108,FAIL
S00201,L0010,T03,201,107.486753,0.003163,94.479533,106.171926,0.906595,0.694391,55.501009,2.455559,4.131175,0.082198,FAIL
S00612,L0030,T01,612,102.320891,0.033181,93.108397,110.307876,0.638997,-0.50152,49.206821,2.872823,1.435736,0.028754,PASS
S00298,L0014,T01,298,103.515517,0.052271,97.699044,109.625863,0.364967,0.005985,49.827851,2.660486,1.180149,0.020806,PASS
S00080,L0004,T03,80,105.964587,-0.048609,94.660103,111.753852,0.632273,-0.891922,55.597357,2.872904,1.676219,0.032689,FAIL
S00774,L0038,T01,774,101.927356,0.030812,100.566979,108.260786,0.940729,-0.580415,50.711137,3.343455,1.956726,0.056803,FAIL
S00344,L0017,T02,344,105.991244,0.114715,97.059073,113.546514,-0.555421,-0.232792,52.028538,3.698893,3.711482,0.178773,FAIL
S00759,L0037,T01,759,103.602758,0.058626,94.34278,,-0.936466,-0.562029,51.563652,3.471089,2.242868,0.073275,FAIL
S00063,L0003,T01,63,103.772614,-0.002449,94.236477,110.975886,-0.739786,0.159974,51.098186,1.932583,1.653716,0.014117,PASS
S00659,L0032,T01,659,90.864456,-0.060135,98.122725,109.658862,-5.07208,-0.415905,45.263619,3.469598,1.468907,0.049057,FAIL
S00257,L0012,T02,257,97.72553,0.034102,,108.750128,-0.663018,-0.867881,51.196883,2.865262,1.584602,0.030926,PASS
S00022,L0001,T03,22,99.466046,0.005528,96.826077,107.913648,0.368371,0.398902,51.475179,1.989016,2.225687,0.020218,PASS
S00373,L0018,T01,373,100.014304,0.059773,95.367568,110.868582,-0.581526,0.254994,49.242988,2.874056,1.267757,0.026312,PASS
S00773,L0038,T02,773,94.445595,-0.037061,99.232061,111.624972,-0.740048,-0.196115,47.848172,3.176408,1.912314,0.048133,PASS
S00521,L0026,T01,521,104.096579,-0.060338,94.64922,105.699035,0.917102,0.814488,51.498716,4.299318,5.128838,0.44899,FAIL
S00155,L0007,T03,155,97.449931,0.150308,94.424062,109.152993,0.869491,-0.779051,53.620868,5.246611,1.420865,0.199157,FAIL
S00706,L0035,T01,706,101.022171,0.087708,94.040964,110.862443,-0.189455,0.102993,49.10531,3.534246,1.697013,0.058369,FAIL
S00527,L0026,T02,527,91.651855,0.176664,95.00711,113.326152,0.49349,0.93923,49.327401,6.200911,3.674629,0.669708,FAIL
S00168,L0008,T01,168,99.41458,-0.01594,89.049386,111.389297,-0.608727,0.599686,50.159031,2.714173,1.725659,0.029223,PASS
S00016,L0000,T01,16,101.853666,-0.088846,96.068035,108.271508,-0.711933,-0.912388,50.254011,4.477372,2.095309,0.152782,FAIL
S00796,L0039,T01,796,94.239524,0.06036,96.42524,114.571842,-0.469103,0.910816,46.976746,3.187946,5.132599,0.230956,FAIL
S00711,L0035,T01,711,101.154382,0.036212,94.882816,108.501329,0.820609,-0.866081,50.367727,3.51587,1.588114,0.054308,FAIL
S00476,L0023,T03,476,99.089083,-0.011332,101.576629,109.553246,-0.920551,0.93818,51.528127,3.24407,1.349246,0.037933,FAIL
S00731,L0036,T02,731,103.449973,0.047902,95.691062,110.283405,0.626421,-0.625125,52.5755,3.428239,1.302825,0.043396,FAIL
S00498,L0024,T01,498,101.164916,-0.071833,90.9979,113.148536,0.845303,-0.052232,48.543268,3.597031,3.148312,0.127183,FAIL
S00703,L0035,T03,703,92.869861,-0.079472,98.243434,110.311376,-0.926742,0.199528,50.567459,3.754622,1.721085,0.071144,FAIL
S00483,L0024,T03,483,100.796204,0.010631,92.118521,106.767393,-0.422197,-0.249057,53.214032,2.267088,3.619198,0.053959,FAIL
S00245,L0012,T02,245,104.254044,0.264283,92.504116,106.983864,-0.919212,0.734621,55.009123,7.426932,3.458588,0.844416,FAIL
S00189,L0009,T01,189,97.15083,0.010663,96.720764,112.462379,-0.948129,-0.907597,49.304362,3.201508,2.584442,0.069642,FAIL
S00234,L0011,T01,234,102.255614,-0.135761,94.992955,107.676633,-0.949559,0.58863,50.464233,4.927607,2.023316,0.206307,FAIL
S00410,L0020,T01,410,98.501567,0.038816,90.222201,110.662782,-0.602566,-0.897423,49.406649,3.369955,1.391251,0.043237,FAIL
S00781,L0039,T01,781,99.181214,0.06696,97.955428,110.696113,-0.684533,0.775535,48.75283,3.403081,1.27396,0.041824,FAIL
S00017,L0000,T02,17,97.958411,0.081582,94.295859,109.824571,-0.384902,-0.850949,51.269055,3.734184,1.441548,0.060575,FAIL
S00382,L0019,T02,382,99.642352,0.053424,97.376347,110.624185,0.959921,0.607142,52.409044,4.034586,1.207464,0.069153,FAIL
S00683,L0034,T01,683,104.287343,0.035483,97.762306,384.417058,0.361728,-0.797321,50.14517,2.70494,1.83538,0.030736,PASS
S00166,L0008,T02,166,103.070325,0.097543,97.667564,114.175983,0.668988,-0.773039,52.643694,4.523466,5.076744,0.492083,FAIL
S00713,L0035,T02,713,97.325128,-0.110028,92.667585,109.050785,0.486786,0.112445,49.601252,3.633449,1.466057,0.056329,FAIL
S00639,L0031,T01,639,112.379009,0.027628,96.254727,110.691897,0.028312,0.171359,52.049784,2.116803,1.803837,0.018026,PASS
S00127,L0006,T01,127,93.725564,0.093392,96.901725,109.245391,,0.672257,47.406668,3.703168,1.326975,0.055603,FAIL
S00485,L0024,T01,485,94.458836,0.069423,99.177696,108.960758,0.359211,0.120718,47.330149,3.345456,1.72178,0.050349,FAIL
S00115,L0005,T01,115,87.915186,0.127632,96.994827,115.156059,-0.854349,0.969944,46.743757,5.058141,7.299805,0.841872,FAIL
S00105,L0005,T01,105,101.989612,0.093055,89.626338,112.503009,-0.795045,-0.623932,51.970554,4.278393,2.7369,0.176659,FAIL
S00660,L0033,T01,660,99.329966,0.042239,94.903789,108.087356,-0.732336,0.525809,48.737607,3.096467,1.917317,0.04506,PASS
S00310,L0015,T03,310,99.009052,0.120186,92.94924,109.70882,0.829472,0.540303,53.046494,4.476212,1.247804,0.10155,FAIL
S00035,L0001,T01,35,101.591066,-0.00035,93.255885,108.686026,0.418892,0.261485,49.77678,1.679724,1.462796,0.010164,PASS
S00218,L0010,T01,218,103.175368,-0.039644,103.1028,111.500477,-0.857277,-0.354749,51.659039,3.135358,1.699302,0.041544,PASS
S00008,L0000,T01,8,96.471832,0.166087,94.67936,108.771533,-0.350766,0.058841,48.688958,4.674642,1.619227,0.142186,FAIL
S00318,L0015,T01,318,105.172106,0.003763,92.399626,109.116076,0.729328,-0.759913,50.959864,2.585067,1.513718,0.023296,PASS
S00081,L0004,T01,81,98.837563,0.012498,100.752426,110.506558,0.954155,0.868388,48.982613,2.961457,1.255726,0.028222,PASS
S00599,L0029,T01,599,93.221083,0.042749,93.034197,110.965619,-0.786356,0.723053,48.55731,2.932674,1.716697,0.035182,PASS
S00670,L0033,T02,670,10.368985,0.026371,90.543804,111.762112,-0.263831,0.50812,51.616391,2.175164,1.854144,0.019501,PASS
S00275,L0013,T01,275,96.843062,0.203632,91.659248,110.043691,0.159362,-0.736643,50.73173,5.968486,1.3,0.30824,FAIL
S00668,L0033,T01,668,104.724662,-0.08558,85.589054,112.596337,-0.548442,0.010314,53.017769,3.141991,2.748151,0.072043,FAIL
S00213,L0010,T02,213,103.415002,0.061004,104.092409,111.880879,0.347413,0.908692,53.152217,3.604498,1.957283,0.070801,FAIL
S00000,L0000,T01,0,98.911001,-0.02681,,107.666631,-0.452427,,48.628382,2.103875,2.252276,0.022693,PASS
S00746,L0037,T01,746,106.536598,-0.08321,92.353737,110.029793,0.325798,0.239503,52.11184,3.514257,1.03404,0.033432,FAIL
S00540,L0027,T02,540,103.101848,0.049444,96.801757,109.206145,0.787334,0.32825,51.944834,3.029271,1.329785,0.031151,PASS
S00635,L0031,T01,635,96.847765,0.016604,98.732108,111.446604,0.31965,-0.78639,46.735202,2.562622,2.109657,0.031422,FAIL
S00526,L0026,T03,526,101.530037,-0.062922,89.623348,113.236184,0.856599,0.439573,54.034489,3.368031,3.483787,0.124806,FAIL
S00129,L0006,T01,129,96.56246,-0.142485,94.06267,,-0.73963,-0.427784,48.595779,3.279518,2.322772,0.181919,FAIL
S00480,L0024,T03,480,95.867894,-0.057016,93.306115,110.894519,-0.71902,0.3787,51.235002,3.624144,1.224502,0.049276,FAIL
S00286,L0014,T01,286,97.244903,0.038685,92.719967,115.979926,-0.419354,0.470091,49.084775,3.065472,8.654386,0.651091,FAIL
S00797,L0039,T02,797,99.516761,-0.096155,101.37405,112.322969,-0.669687,-0.766416,50.784766,4.094664,2.393224,0.130843,FAIL
S00067,L0003,T02,67,92.794609,-0.007607,93.825697,112.608152,-0.056073,-0.578815,48.253031,1.943154,2.72568,0.025406,PASS
S00357,L0017,T01,357,103.030112,0.015029,100.40904,111.33363,0.190627,-0.165081,48.606254,2.512902,1.903222,0.026946,PASS
S00348,L0017,T01,348,95.869652,0.039965,90.603819,108.256099,-0.409681,-0.529721,49.145142,3.003529,2.076148,0.04522,PASS
S00163,L0008,T01,163,104.104674,-0.056936,93.240024,114.572608,0.865183,-0.694932,51.734223,3.665456,5.239149,0.328593,FAIL
S00314,L0015,T01,314,98.487196,-0.094919,93.208436,115.655707,0.615399,-0.152672,48.556371,3.53202,7.848174,0.645728,FAIL
S00366,L0018,T01,366,,0.009007,99.884818,110.844892,0.084978,0.476888,50.215889,1.962671,1.538112,0.013618,PASS
S00240,L0012,T02,240,105.165606,0.042338,89.04681,109.170234,-0.13168,-0.383156,51.802436,2.789812,1.291814,0.024755,PASS
S00144,L0007,T01,144,98.361427,0.06384,98.265333,105.754636,-0.658167,-0.091564,48.423625,3.047732,4.896313,0.18861,PASS
S00390,L0019,T01,390,104.761252,-0.02891,94.062886,110.266426,-0.857924,-0.889846,51.830194,2.886257,1.296779,0.027011,PASS
S00120,L0006,T02,120,100.196263,-0.017809,92.55951,112.761918,-0.309807,0.739688,51.803309,2.081181,2.818914,0.030133,PASS
S00282,L0014,T01,282,100.711942,0.001372,94.109537,110.708424,0.956851,0.05261,49.76456,2.371643,1.600448,0.020228,PASS
S00346,L0017,T02,346,97.371953,0.049853,98.505113,108.337543,0.727984,-0.849306,49.828098,3.461512,1.921587,0.061643,FAIL
S00219,L0010,T01,219,112.265581,-0.046641,91.108546,105.503846,-0.627779,-0.376357,53.857861,3.170898,5.673222,0.284771,FAIL
S00313,L0015,T02,313,107.890265,0.005598,95.724801,109.587844,0.296799,-0.437411,52.664641,1.861395,1.395541,0.011519,PASS
S00445,L0022,T02,445,103.275956,-0.038645,91.162424,108.452255,0.714052,-0.969863,54.770879,3.410993,2.022502,0.062226,FAIL
S00632,L0031,T01,632,104.086491,-0.04478,89.970662,108.758259,-0.387226,,52.130816,2.993536,1.561612,0.03416,PASS
S00699,L0034,T03,699,98.445891,0.007918,92.88786,113.477891,-0.216198,-0.505241,53.176917,1.70365,3.555089,0.032096,FAIL
S00455,L0022,T01,455,94.729077,0.117558,98.415832,110.481957,0.516995,-0.444032,48.372509,4.428015,1.467247,0.108825,FAIL
S00724,L0036,T01,724,102.938188,-0.158976,91.517303,110.18655,-0.24626,-0.03012,52.254394,4.424826,1.380681,0.104025,FAIL
S00205,L0010,T01,205,100.372418,0.00422,91.09712,111.809379,-0.590017,0.083526,49.824862,2.007536,1.713208,0.015582,PASS
S00353,L0017,T01,353,95.960558,-0.007668,94.457117,112.333583,0.155799,-0.515608,46.771852,2.173412,2.484767,0.027323,FAIL
S00161,L0008,T03,161,100.801268,0.061443,95.566767,111.59044,0.935948,-0.232432,52.794657,3.909125,1.47047,0.071225,FAIL
S00742,L0037,T03,742,101.500689,0.014844,95.49749,111.392415,0.896822,-0.40741,53.48309,2.874475,1.435909,0.028798,FAIL
S00388,L0019,T01,388,98.569035,-0.105503,97.212076,382.824781,0.499204,0.369511,48.007619,3.96021,1.227411,0.065636,FAIL
S00018,L0000,T02,18,99.257215,0.092079,89.59753,106.996936,0.230432,-0.325546,49.97968,3.447328,3.185451,0.115025,FAIL
S00593,L0029,T01,593,98.627368,-0.049323,90.009893,111.972629,0.922407,0.755199,49.286375,3.513469,1.866703,0.062609,FAIL
S00186,L0009,T01,186,99.730001,0.012098,99.125176,109.487579,0.202738,-0.520869,47.653654,2.069548,0.812591,0.010096,PASS
S00439,L0021,T01,439,106.508559,-0.140539,94.559847,,0.648811,0.650164,53.814688,5.067283,1.776364,0.204656,FAIL
S00349,L0017,T02,349,99.099468,-0.131405,92.180903,112.037724,-0.92058,-0.609221,51.965227,4.808466,2.26146,0.210224,FAIL
S00401,L0020,T03,401,101.389207,,98.387441,106.779646,-0.105469,0.046299,52.234875,3.039147,3.159369,0.081502,PASS
S00712,L0035,T02,712,100.494364,0.001884,89.576136,109.009275,-0.298189,-0.988009,51.427819,2.627467,1.552785,0.024693,PASS
S00696,L0034,T02,696,99.182422,0.070748,90.48722,111.721447,0.148836,-0.418863,50.840089,3.079268,1.738538,0.040409,PASS
S00688,L0034,T01,688,99.560897,-0.02523,99.467373,111.010115,0.390659,-0.143791,48.791191,1.746924,1.408987,0.010479,PASS
S00559,L0027,T01,559,105.960193,0.051962,95.06339,110.223964,0.935326,0.9487,52.389269,4.048593,1.271939,0.072312,FAIL
S00779,L0038,T01,779,97.062874,-0.133773,96.554392,113.119034,-0.499897,-0.985936,49.684051,5.240689,3.327268,0.413775,FAIL
S00187,L0009,T02,187,101.443529,-0.036831,99.209301,109.442304,-0.361133,0.454309,50.977664,2.588075,1.419716,0.022207,PASS
S00370,L0018,T01,370,96.711435,-0.048855,94.208572,111.372582,-0.563954,0.737255,49.16655,3.16134,1.607502,0.040478,PASS
S00248,L0012,T01,248,90.702009,0.047364,89.564101,109.739572,0.63363,0.688338,48.094078,3.728841,1.599431,0.065415,FAIL
S00176,L0008,T01,176,95.913016,0.097905,95.198955,107.967636,0.231585,0.708664,47.624041,3.983911,2.269008,0.112893,FAIL
S00611,L0030,T02,611,94.247257,-0.056664,97.161847,108.212471,-0.469713,0.446266,49.888766,2.893077,2.067696,0.040934,PASS
S00752,L0037,T03,752,98.381907,0.163175,102.724498,110.345548,0.521284,0.687347,53.43603,4.93735,1.051129,0.133165,FAIL
S00748,L0037,T01,748,102.769022,0.07815,101.950223,,0.719172,-0.562515,51.51822,4.187744,1.635926,0.097416,FAIL
S00723,L0036,T01,723,102.060765,-0.011643,106.939451,112.353889,-0.902801,-0.798999,49.670651,3.215475,2.46046,0.066123,FAIL
S00782,L0039,T01,782,100.799833,-0.001468,92.149316,105.835133,0.143865,-0.727046,49.702738,1.894511,5.087874,0.083815,PASS
S00462,L0023,T03,462,95.287895,0.011922,101.676708,108.060397,0.582429,0.921723,51.637049,2.746341,2.081334,0.036314,PASS
S00117,L0005,T02,117,98.149401,-0.048179,95.537677,107.1073,-0.697045,0.290435,48.277351,2.633074,2.794241,0.047953,PASS
S00153,L0007,T01,153,105.921853,0.143929,95.413119,111.139964,-0.988963,0.231645,51.96762,4.96801,1.897036,0.200941,FAIL
S00459,L0022,T02,459,98.781462,0.07349,93.859761,110.091333,0.843515,0.455327,52.200245,3.354703,1.393386,0.042721,FAIL
S00177,L0008,T02,177,104.247212,0.025471,98.87688,109.778239,-0.442782,0.1886,50.599147,1.995859,1.399263,0.013008,PASS
S00740,L0037,T02,740,105.415648,-0.166654,98.200043,110.711796,0.616083,0.814722,53.834214,5.78766,1.497219,0.296789,FAIL
S00662,L0033,T01,662,92.382102,-0.09751,96.440217,107.132357,-0.114081,-0.431119,46.436734,3.511642,3.25025,0.124893,FAIL
S00510,L0025,T01,510,99.443362,-0.061998,95.529914,111.095698,0.151204,-0.017671,48.677629,2.802097,1.773274,0.032364,PASS
S00590,L0029,T01,590,96.729697,0.073019,93.892721,113.711,0.086318,0.119935,47.9269,2.986727,3.878467,0.111671,PASS
S00436,L0021,T01,436,103.430725,-0.072532,93.739197,106.488996,-0.293111,0.911424,49.790335,3.490891,3.94917,0.170632,FAIL
S00407,L0020,T01,407,88.829674,-0.022494,92.831597,114.325462,-0.967082,-0.991829,47.425631,3.443732,5.435232,0.308687,FAIL
S00379,L0018,T02,379,101.330369,0.013295,90.909488,110.808354,0.490915,-0.663262,52.282136,2.645613,1.274961,0.021611,PASS
S00154,L0007,T02,154,96.994689,-0.144553,101.512063,107.909273,0.665247,-0.106907,50.331485,4.458908,2.248913,0.161775,FAIL
S00630,L0031,T01,630,91.857816,-0.039077,97.493108,106.186291,0.10037,-0.327435,43.739248,2.293592,4.355284,0.080516,FAIL
S00116,L0005,T02,116,101.268001,0.00525,91.790544,107.007738,0.440552,-0.021674,50.512702,1.796856,2.967869,0.025444,PASS
S00020,L0001,T02,20,91.042794,0.012522,95.937719,110.561556,0.934433,-0.839508,50.104787,3.060381,1.735723,0.039696,PASS
S00555,L0027,T01,555,98.313558,-0.017319,93.160768,108.349608,0.979715,0.795424,49.707216,3.002275,1.886112,0.040872,PASS
S00293,L0014,T01,293,92.702727,-0.0931,93.349725,109.395315,-0.648469,0.300162,46.47102,3.919281,1.196272,0.062404,FAIL
S00715,L0035,T02,715,94.566432,0.020187,97.857417,109.461008,-0.134441,-0.290157,49.13966,1.990174,1.617692,0.01457,PASS
S00091,L0004,T02,91,97.507016,-0.094211,92.448283,106.97706,-0.284673,0.129794,49.215819,3.391189,2.876335,0.09441,FAIL
S00452,L0022,T01,452,100.965088,0.127807,95.982655,108.719799,0.158849,-0.205611,48.908294,4.005552,1.734211,0.08817,FAIL
S00627,L0031,T01,627,90.315476,0.038108,91.838113,109.064284,0.288257,0.163086,44.595857,2.896898,1.836444,0.036343,FAIL
S00626,L0031,T01,626,96.452345,-0.056314,91.505294,112.610408,-0.686887,0.244273,48.988273,2.929433,2.864085,0.063968,PASS
S00317,L0015,T02,317,100.110286,0.001449,101.977467,113.206145,-0.865241,-0.432761,50.228537,3.094527,3.155618,0.082624,PASS
S00228,L0011,T01,228,107.066667,0.006907,94.548187,110.358874,0.5419,-0.1877,50.804648,1.952542,1.799386,0.01555,PASS
S00352,L0017,T01,352,98.101307,-0.090933,93.779339,111.491927,-0.79337,-0.319452,49.119876,4.225209,1.696016,0.103447,FAIL
S00332,L0016,T01,332,95.163168,0.021725,99.622657,109.279981,-0.398227,0.718511,47.906889,2.282248,1.368316,0.01649,PASS
S00181,L0009,T01,181,99.601104,-0.0127,92.398882,105.397439,-0.350637,0.285991,49.418496,2.185393,5.745057,0.145746,PASS
S00489,L0024,T01,489,102.894484,-0.015478,98.348111,111.495935,0.536339,-0.029198,49.28726,2.350082,1.802687,0.02213,PASS
S00288,L0014,T01,288,99.522885,0.132264,99.755887,106.993716,-0.228544,0.837828,51.702496,4.184882,3.294634,0.211392,FAIL
S00646,L0032,T01,646,101.906132,0.071863,94.1494,111.837603,-0.903875,-0.050509,49.266792,3.655908,1.738132,0.066069,FAIL
S00350,L0017,T02,350,97.415592,0.005373,95.693719,109.329337,-0.336257,0.985888,51.003931,2.6669,1.099774,0.020037,PASS
S00689,L0034,T03,689,95.659722,-0.082503,97.969499,108.320774,0.58489,0.176255,51.403123,3.118051,-0.40501,0.045083,PASS
S00714,L0035,T03,714,102.979003,0.097412,98.788286,110.006588,-0.742584,-0.129833,53.267081,3.950862,1.328469,0.068589,FAIL
S00191,L0009,T01,191,102.33555,-0.066871,96.708914,110.602614,-0.770895,0.866359,50.300558,3.74827,1.566273,0.065369,FAIL
S00411,L0020,T03,411,97.208716,-0.009884,95.394223,113.010548,0.791184,-0.164229,52.420783,2.367082,3.282244,0.049294,PASS
S00425,L0021,T01,425,107.11512,0.065893,97.555719,112.41936,0.803339,,51.242361,3.368693,2.752564,0.087124,FAIL
S00661,L0033,T02,661,104.24483,0.025581,95.935216,112.320289,-0.942834,0.880925,54.082073,3.243133,2.344341,0.063757,FAIL
S00021,L0001,T02,21,90.503157,0.072291,96.17274,108.850205,-0.38272,0.004936,46.210202,3.248236,1.842031,0.049338,FAIL
S00233,L0011,T01,233,96.492949,-0.01827,95.036053,105.595765,-0.307509,0.800465,49.677249,2.325616,5.249959,0.12848,PASS
S00717,L0035,T03,717,106.864519,0.051374,95.90579,112.574058,-0.684177,0.82832,55.112355,3.343296,2.45196,0.073274,FAIL
S00556,L0027,T01,556,92.064347,-0.01073,89.983748,109.456108,0.439018,-0.319577,47.284289,2.050623,1.601968,0.015242,PASS
S00354,L0017,T01,354,101.746735,-0.000973,93.778375,110.064173,0.320866,0.348958,49.632423,1.502359,1.093898,0.007095,PASS
S00628,L0031,T01,628,107.718707,-0.091724,100.69218,111.056573,-0.57812,0.979036,54.014433,3.985697,1.684277,0.084593,FAIL
S00061,L0003,T01,61,104.62053,-0.050862,97.246074,108.069927,0.825054,-0.539802,51.798479,3.922684,1.746841,0.082882,FAIL
S00271,L0013,T01,271,93.194491,-0.039814,87.753796,111.443343,0.633732,-0.887663,47.735828,3.539915,1.560839,0.05465,FAIL
S00202,L0010,T02,202,97.244203,0.010527,94.854002,109.034435,0.747615,-0.419264,49.685406,2.303211,1.846144,0.021738,PASS
S00691,L0034,T03,691,100.451548,0.099846,100.556777,108.976669,0.049207,0.240466,50.931209,3.262621,1.402361,0.039645,FAIL
S00192,L0009,T02,192,95.50528,-0.130014,93.178163,108.356869,-0.215206,0.651912,50.805493,4.399782,1.989181,0.136916,FAIL
S00135,L0006,T02,135,94.948545,0.04096,96.092144,110.862361,0.852765,-0.464016,49.900362,2.882159,1.160614,0.025021,PASS
S00643,L0032,T01,643,102.132687,-0.092706,90.673228,105.966812,-0.046442,-0.702907,50.799777,3.947562,4.599574,0.307373,FAIL
S00217,L0010,T01,217,95.827152,-0.049359,97.148643,110.024921,-0.914581,0.843171,47.529968,4.062519,1.405761,0.078308,FAIL
S00491,L0024,T01,491,96.821369,-0.082289,87.369914,107.646521,0.952837,-0.830968,49.520583,3.964492,2.406622,0.118855,FAIL
S00239,L0011,T02,239,106.367861,0.120438,93.716704,111.144004,0.118108,-0.301328,51.81485,3.695994,-3.961411,0.066673,FAIL
S00216,L0010,T03,216,107.169526,0.038797,89.136056,106.759755,-0.841539,-0.174474,55.766183,2.942422,3.703873,0.098884,FAIL
S00387,L0019,T01,387,96.279078,0.119055,97.296579,112.383912,-0.361026,-0.115632,46.90036,4.267209,2.519527,0.158588,FAIL
S00222,L0011,T01,222,103.430499,-0.044806,92.156419,112.01151,-0.076378,0.227839,49.427759,2.465204,2.268884,0.031419,PASS
S00596,L0029,T01,596,110.961004,0.073891,101.332902,106.015833,0.03193,-0.849426,52.217174,3.269613,5.062137,0.237185,FAIL
S00749,L0037,T01,749,101.743871,-0.037764,90.748147,112.756477,-0.061781,-0.082225,48.583492,2.386001,3.048631,0.044326,PASS
S00139,L0006,T02,139,93.699498,-0.074632,93.117806,114.088931,-0.839625,-0.161006,48.572421,3.931078,4.787776,0.326567,FAIL
S00114,L0005,T01,114,97.030374,0.058647,97.050893,111.333104,0.365053,-0.850177,47.681667,3.089539,1.445168,0.034906,PASS
S00515,L0025,T01,515,94.993223,0.065566,102.28408,109.687498,-0.394989,-0.430556,47.219023,3.456884,1.76405,0.056595,FAIL
S00466,L0023,T03,466,99.281289,0.013474,102.692788,109.713156,0.055231,0.255617,51.893047,2.000832,1.460577,0.013507,PASS
S00591,L0029,T01,591,98.554566,0.140782,97.597217,111.142389,0.991318,0.388054,49.624799,5.085744,1.683882,0.199137,FAIL
S00140,L0007,T01,140,105.254216,-0.000885,99.568516,108.947725,0.615765,0.411665,50.117159,2.690036,1.870924,0.03092,PASS
S00336,L0016,T01,336,106.677176,0.024078,93.981523,108.133578,-0.078121,-0.387856,49.524058,2.961439,1.997256,0.041838,PASS
S00440,L0022,T01,440,103.531708,-0.034731,,109.287879,0.918126,0.338872,50.530511,2.819452,1.496564,0.02835,PASS
S00471,L0023,T01,471,95.253748,-0.130335,95.799746,112.386562,-0.417062,0.914357,48.873287,4.323555,2.489072,0.163172,FAIL
S00663,L0033,T01,663,103.395184,-0.055814,91.954615,108.507213,-0.279632,0.96728,51.63623,3.344862,1.884038,0.054764,FAIL
S00725,L0036,T02,725,102.438923,0.072744,97.848659,109.083052,-0.457177,0.466816,50.767194,3.063087,1.615241,0.037333,PASS
S00338,L0016,T01,338,97.453828,,92.712848,110.689607,-0.602825,0.788046,49.228561,2.898057,1.121897,0.024851,PASS
S00500,L0025,T01,500,98.219076,-0.030154,91.499112,110.892351,-0.701435,0.190723,49.466955,2.684949,1.56071,0.02608,PASS
S00473,L0023,T01,473,96.194834,-0.043636,91.645371,110.0064,-0.915317,0.327311,49.038936,3.140763,1.404885,0.035722,PASS
S00547,L0027,T02,547,102.363611,-0.01062,98.458534,107.59328,-0.001054,-0.981053,51.537074,2.425074,2.394081,0.03243,PASS
S00095,L0004,T01,95,100.449805,0.007181,95.722528,107.767758,-0.444921,0.988607,50.00068,2.935576,2.060937,0.042311,PASS
S00722,L0036,T01,722,108.187723,-0.047737,95.394519,104.22219,0.625497,-0.247399,52.343501,2.36371,7.826463,0.386249,FAIL
S00363,L0018,T01,363,102.628883,0.078348,99.459956,106.116685,-0.45587,0.555313,50.059177,3.414868,4.445635,0.201568,FAIL
S00316,L0015,T01,316,102.747912,0.022821,100.286814,108.943338,0.411962,-0.452008,48.36144,2.373917,1.390967,0.018102,PASS
S00754,L0037,T01,754,93.172782,-0.051128,88.492203,112.485377,0.271567,0.957667,46.875681,3.220041,2.654836,0.073318,FAIL
S00506,L0025,T01,506,95.905586,0.065564,91.132409,110.355044,-0.104035,0.265224,48.242584,2.701485,1.258533,0.0225,PASS
S00709,L0035,T01,709,98.859779,,95.942548,108.701461,-0.482622,0.965281,49.014364,3.586561,1.280928,0.049145,FAIL
S00068,L0003,T02,68,100.106651,0.022389,87.452982,111.04248,0.259672,-0.929982,49.9837,2.687078,1.17761,0.02127,PASS
S00562,L0028,T03,562,97.866392,0.127211,90.782414,108.891124,-0.503199,0.738001,52.869299,4.642264,1.659639,0.141345,FAIL
S00229,L0011,T01,229,99.476677,-0.200945,99.401784,107.975322,0.057868,-0.598726,50.071159,5.734037,2.344404,0.390564,FAIL
S00200,L0010,T02,200,94.805628,-0.030007,91.928758,114.186133,0.944355,0.631825,50.436828,3.115539,4.900495,0.198493,PASS
S00342,L0017,T01,342,99.001525,-0.076463,93.764391,108.496743,-0.167565,0.417932,49.141781,3.288412,1.74185,0.048457,FAIL
S00594,L0029,T01,594,94.363387,0.060406,92.645875,110.48073,-0.507706,0.65453,49.121501,3.212059,1.491561,0.03978,FAIL
S00509,L0025,T01,509,103.586189,0.052718,89.594586,107.641477,-0.133027,-0.330011,49.419421,2.363397,2.785639,0.037839,PASS
S00025,L0001,T02,25,103.083568,0.070624,93.181304,111.842855,-0.489855,-0.52084,52.811038,3.188807,2.11117,0.053966,PASS
S00249,L0012,T01,249,95.545011,0.028272,98.763727,110.765301,0.602682,0.23275,49.147701,2.243264,1.407253,0.016269,PASS
S00551,L0027,T02,551,99.40048,0.118593,93.043855,108.588242,-0.075806,0.435818,49.468283,4.249184,1.798186,0.110885,FAIL
S00475,L0023,T01,475,92.902447,-0.08967,98.934382,107.578974,0.51038,0.091794,47.534625,3.466248,2.782387,0.095776,FAIL
S00501,L0025,T01,501,98.183686,-0.009958,92.466569,109.619216,-0.593977,-0.041025,49.076175,2.269334,1.452237,0.017059,PASS
S00585,L0029,T01,585,99.997021,0.018764,99.005076,109.4492,-0.444692,0.463209,48.176751,2.338494,1.320176,0.016886,PASS
S00755,L0037,T01,755,94.051124,-0.015831,89.917303,109.194476,-0.678981,0.766305,47.72859,2.54623,1.387691,0.021038,PASS
S00302,L0015,T01,302,102.528683,-0.130315,92.528473,112.981345,-0.763567,0.329328,51.407952,4.153217,2.618431,0.152262,FAIL
S00082,L0004,T03,82,97.766986,-0.065335,91.777292,109.186328,0.840919,0.728459,52.374542,3.809594,1.382208,0.062611,FAIL
S00721,L0036,T01,721,99.08439,-0.007021,94.889773,113.552923,-0.289073,-0.56652,48.566896,1.585561,3.67279,0.03083,PASS
S00735,L0036,T03,735,107.062353,0.015206,95.537682,111.39709,-0.109381,0.844194,54.928761,2.096697,1.709797,0.016831,FAIL
S00705,L0035,T01,705,100.40147,-0.157539,91.376095,107.21502,0.623023,-0.293447,50.019632,4.377004,2.983051,0.211648,FAIL
S00640,L0032,T02,640,103.202699,0.073116,92.214115,112.557795,0.197418,-0.838254,52.134523,3.546557,2.283035,0.079627,FAIL
S00584,L0029,T02,584,97.848228,0.085374,92.573972,111.641916,0.536024,-0.849858,51.235141,4.199315,2.092508,0.122955,FAIL
S00053,L0002,T01,53,95.915027,-0.063185,98.473222,113.228041,-0.481134,0.003868,47.511553,2.338079,3.581372,0.056201,PASS
S00693,L0034,T01,693,101.36306,-0.022183,98.741542,108.940703,0.542746,0.898523,49.775862,3.250471,1.540244,0.042191,FAIL
S00453,L0022,T01,453,103.083439,0.133442,92.219179,109.701059,-0.922442,0.330759,50.478476,4.876727,1.479865,0.15551,FAIL
S00504,L0025,T01,504,109.771608,-0.073739,86.012007,108.629771,0.446658,0.698607,52.49908,3.382833,2.13955,0.064543,FAIL
S00457,L0022,T01,457,100.044525,0.129559,90.473797,110.547742,0.597306,0.146207,50.635424,3.975332,1.228125,0.0665,FAIL
S00418,L0020,T01,418,98.923804,0.050042,9.73793,108.384445,-0.148169,0.661124,50.09641,2.604141,1.331037,0.021474,PASS
S00100,L0005,T01,100,95.884631,-0.160076,99.342753,110.077159,0.11385,-0.325569,46.657986,4.75714,1.305302,0.130601,FAIL
S00150,L0007,T03,150,93.943398,-0.064449,99.232294,112.00879,-0.798664,0.725662,50.042925,4.062351,2.382009,0.126886,FAIL
S00598,L0029,T01,598,99.32906,0.058652,97.740923,111.265303,0.784174,0.239763,49.265855,3.01002,1.740961,0.038109,PASS
S00236,L0011,T03,236,100.368668,-0.111674,95.885568,108.178299,0.576129,0.579596,51.817106,4.147685,2.116963,0.119439,FAIL
S00432,L0021,T01,432,101.096947,-0.003022,91.133211,113.282021,0.435211,0.329711,49.788685,2.153569,3.389229,0.043409,PASS
S00760,L0038,T01,760,90.982644,0.007976,99.120795,108.288371,-0.517987,0.163183,46.749374,2.161793,2.194092,0.023143,FAIL
S00729,L0036,T01,729,106.290467,-0.127506,101.736182,111.59662,0.919928,-0.689369,52.021931,5.149061,1.948863,0.233443,FAIL
S00799,L0039,T03,799,90.763625,0.034868,96.053072,110.040966,-0.881273,-0.40534,47.710694,3.242538,1.413171,0.039186,FAIL
S00207,L0010,T02,207,105.142969,-0.078648,98.791439,113.451701,-0.492044,0.20113,52.773617,3.004664,4.031216,0.121999,PASS
S00424,L0021,T02,424,93.038145,0.04685,85.715291,112.480651,-0.024228,-0.704132,47.888835,2.973441,2.688869,0.060652,PASS
S00641,L0032,T01,641,103.149309,0.053917,96.115802,110.33161,0.611027,-0.93055,50.965896,3.552361,1.424133,0.051436,FAIL
S00682,L0034,T02,682,97.187603,-0.07952,93.044833,110.667742,0.677978,-0.862158,50.461594,3.926574,1.307037,0.066471,FAIL
S00130,L0006,T01,130,96.997663,-0.031115,95.233394,109.523398,0.261022,-0.667611,46.986386,2.430048,1.560249,0.02084,FAIL
S00237,L0011,T03,237,97.158522,-0.024901,92.074644,109.569202,-0.295404,-0.709152,53.102198,2.461757,1.269197,0.018318,FAIL
S00377,L0018,T01,377,96.70914,0.055703,97.615108,113.216196,0.938553,-0.016175,48.36394,3.343536,3.567848,0.127472,FAIL
S00295,L0014,T03,295,99.460964,-0.009362,90.709232,112.751524,0.878393,0.52635,52.927007,2.31435,2.934786,0.039243,PASS
S00097,L0004,T02,97,9.849895,0.03007,96.664612,111.275499,0.904761,-0.775109,50.989252,3.17224,1.685535,0.042577,PASS
S00312,L0015,T03,312,104.988879,0.000531,95.62936,107.787476,0.42178,0.946413,54.120889,2.306226,2.519358,0.031257,FAIL
S00618,L0030,T01,618,98.977302,0.151696,93.693998,113.33977,-0.110035,0.888045,50.472047,5.327577,3.575642,0.466655,FAIL
S00613,L0030,T01,613,102.268191,-0.029707,101.574797,110.6266,-0.536308,-0.832056,49.920637,2.775437,1.184829,0.02308,PASS
S00374,L0018,T01,374,97.79937,-0.073104,91.990259,109.034715,0.438297,-0.104376,49.292509,2.690534,1.297409,0.022755,PASS
S00730,L0036,T01,730,99.894327,-0.111265,96.763906,108.232063,-0.335902,-0.277122,52.201752,3.850696,2.062518,0.091539,FAIL
S00048,L0002,T01,48,97.801604,0.015609,86.44812,113.043508,0.196334,0.387156,48.127848,2.015121,3.39701,0.038678,PASS
S00206,L0010,T01,206,105.442808,-0.020089,96.752885,111.826467,0.657627,-0.759321,51.440023,3.386749,2.362546,0.072593,FAIL
S00458,L0022,T03,458,109.329278,-0.03502,95.863121,113.958212,0.384612,-0.072876,54.858028,2.702109,4.625918,0.12799,FAIL
S00392,L0019,T01,392,99.836132,-0.072196,85.727694,108.028409,0.66869,-0.833129,51.011433,3.923876,1.930002,0.090957,FAIL
S00066,L0003,T02,66,95.470221,0.100176,96.951156,108.236053,-0.670344,-0.393333,50.942977,4.077821,2.101263,0.11212,FAIL
S00375,L0018,T01,375,110.153735,-0.112486,94.30272,110.16573,-0.61287,-0.744126,53.349394,4.045225,1.434365,0.07832,FAIL
S00378,L0018,T02,378,96.232434,-0.031446,92.420958,110.58902,0.396491,0.884239,48.537095,2.735187,1.428099,0.025385,PASS
S00528,L0026,T01,528,100.036852,0.080111,96.919843,108.102057,0.777412,-0.690151,49.866813,4.173762,2.153634,0.124105,FAIL
S00258,L0012,T01,258,97.879919,0.02207,96.713087,107.745647,-0.520711,-0.038806,47.666569,2.156098,2.107128,0.021976,PASS
S00548,L0027,T02,548,96.891318,0.027246,88.474559,104.828093,0.229117,0.22106,48.40391,2.304746,6.460958,0.219737,PASS
S00604,L0030,T03,604,97.641131,-0.070882,91.857595,112.302808,0.331605,0.3812,51.012174,3.049691,2.417209,0.05621,PASS
S00692,L0034,T01,692,108.00773,0.104888,93.310482,112.158871,-0.150059,0.821954,51.743385,4.507598,2.259129,0.168592,FAIL
S00064,L0003,T03,64,102.761514,-0.056483,92.19044,109.329184,0.896896,0.1822,54.000517,3.368731,1.61688,0.048621,FAIL
S00123,L0006,T02,123,107.751086,0.128041,99.13923,108.930518,0.701606,0.684468,55.39378,4.404269,1.701949,0.11972,FAIL
S00634,L0031,T01,634,100.956642,-0.009476,85.591089,111.442153,-0.174823,-0.748136,49.24848,2.157257,1.643273,0.01713,PASS
S00481,L0024,T02,481,95.963672,-0.09851,101.200998,111.068603,-0.721434,0.04867,48.891776,3.574182,1.548561,0.055907,FAIL
S00707,L0035,T01,707,105.058684,0.124201,94.990122,110.614927,0.960239,-0.968479,51.967103,5.64715,1.645825,0.28754,FAIL
S00051,L0002,T02,51,102.849285,0.040768,91.026718,111.478218,0.584668,-0.438464,52.156145,2.714816,1.712512,0.029035,PASS
S00645,L0032,T02,645,90.964561,-0.012995,95.178721,110.838582,0.084345,-0.016039,47.950717,1.987677,1.738002,0.015517,PASS
S00525,L0026,T01,525,100.446176,-0.021683,92.069777,110.978639,0.123482,0.904685,49.662564,2.471918,1.43457,0.020208,PASS
S00307,L0015,T02,307,108.098234,-0.023292,93.726525,112.822298,-0.310617,-0.288567,54.355535,2.488541,2.998853,0.047158,FAIL
S00474,L0023,T01,474,102.376066,-0.060017,99.60766,106.746868,-0.833013,-0.305155,50.284134,3.326885,3.349734,0.113201,FAIL
S00544,L0027,T03,544,98.719846,0.051647,101.786007,110.255796,0.755338,0.409055,52.204674,2.844904,1.216475,0.024952,PASS
S00409,L0020,T02,409,103.782604,-0.001133,100.811817,109.874778,0.850433,0.498228,52.490147,2.644665,1.562821,0.025203,PASS
S00508,L0025,T01,508,101.875862,0.130361,87.850626,112.398233,-0.514171,0.462241,50.262055,4.319318,2.518512,0.16487,FAIL
S00326,L0016,T03,326,97.300244,0.001009,94.008076,115.392327,0.09019,0.620718,50.527256,1.254293,7.173108,0.139323,PASS
S00339,L0016,T01,339,93.41806,0.043427,90.377495,111.042628,-0.1146,0.435519,47.328471,2.345759,1.558813,0.019332,PASS
S00165,L0008,T01,165,94.003666,0.076354,91.880409,108.535358,-0.48105,-0.089545,46.444473,3.244558,1.725312,0.046266,FAIL
S00148,L0007,T01,148,101.050366,0.126077,89.557106,110.991423,-0.474637,0.088277,49.183253,3.804937,1.638019,0.071118,FAIL
S00056,L0002,T01,56,98.959831,-0.098115,98.963122,111.221874,0.956439,0.679874,47.197288,4.620448,1.478757,0.127496,FAIL
S00159,L0007,T01,159,98.922777,-0.03953,97.2084,109.757609,0.04238,-0.046036,48.096391,2.198759,1.260645,0.014446,PASS
S00283,L0014,T02,283,95.993756,-0.049088,98.693029,110.70028,0.706618,-0.856405,48.880055,3.709977,1.212579,0.052695,FAIL
S00606,L0030,T02,606,101.382179,-0.0133,88.970339,106.485136,0.469577,-0.362907,51.809542,2.339364,3.527677,0.054715,PASS
S00124,L0006,T03,124,92.940136,0.03774,100.304668,110.621568,-0.153996,0.55424,48.388021,1.903905,1.685786,0.014004,PASS
S00507,L0025,T01,507,98.219114,0.028509,99.231212,105.683054,-0.100535,-0.397496,48.964524,2.362099,4.937116,0.113679,PASS
S00182,L0009,T01,182,98.184284,-0.006844,95.788777,111.58206,-0.18568,-0.715195,47.87992,2.248748,1.485891,0.017059,PASS
S00575,L0028,T03,575,104.518763,-0.018973,92.415626,1135.59418,-0.33304,0.390699,55.564284,2.006329,3.730951,0.04577,FAIL
S00055,L0002,T03,55,101.091088,-0.016961,94.797313,107.187344,0.670568,-0.291016,51.785351,2.718633,2.596476,0.046523,PASS
S00791,L0039,T03,791,99.770455,0.01674,96.324153,110.126824,0.112013,0.618267,51.428121,2.336982,1.212006,0.015905,PASS
S00674,L0033,T01,674,96.220357,0.153566,100.015869,106.312273,-0.393286,0.159277,48.727861,4.205014,4.350456,0.327892,FAIL
S00789,L0039,T01,789,108.65364,-0.058407,97.328143,107.833354,-0.068173,-0.19283,52.130026,2.408398,2.395946,0.031995,PASS
S00550,L0027,T02,550,101.90836,-0.059688,94.565696,109.365051,0.873874,-0.781137,51.438264,3.831164,1.238867,0.059213,FAIL
S00537,L0026,T01,537,98.86018,-0.023849,96.116981,108.912532,-0.12799,,47.236268,1.755144,1.734301,0.012598,PASS
S00044,L0002,T03,44,108.890028,-0.007381,92.314582,108.135112,0.245431,0.495891,54.887431,1.736712,2.213098,0.016068,FAIL
S00156,L0007,T02,156,108.212249,-0.043811,,109.294843,0.0777,0.321388,52.200599,2.542944,1.545566,0.022837,PASS
S00197,L0009,T01,197,92.744188,-0.029106,95.55871,112.519309,-0.447668,-0.593752,45.782204,3.695926,2.723834,0.031024,FAIL
S00033,L0001,T01,33,110.922861,0.118041,97.429462,114.053735,-0.59513,-0.982504,53.254234,4.54842,5.21489,0.516686,FAIL
S00269,L0013,T02,269,100.564739,0.022248,86.668878,109.547929,0.028579,0.174858,49.904514,2.011434,1.29424,0.012458,PASS
S00121,L0006,T02,121,94.795406,0.012895,85.30098,108.916135,-0.497222,-0.807008,50.152148,2.679316,1.427057,0.024157,PASS
S00012,L0000,T03,12,99.560138,0.079326,93.996835,109.794486,-0.94039,-0.92857,54.302335,4.39718,1.589759,0.112728,FAIL
S00553,L0027,T01,553,99.812462,0.036351,101.65554,110.806291,-0.843498,-0.607732,49.552796,2.955858,1.300552,0.028765,PASS
S00776,L0038,T03,776,102.914506,0.013147,92.411373,108.127165,-0.567254,-0.341406,53.655351,2.539582,2.107107,0.030755,FAIL
S00141,L0007,T03,141,105.599456,0.068678,92.856377,110.384096,-0.008286,-0.878816,56.766528,3.577287,1.417233,0.052353,FAIL
S00574,L0028,T02,574,107.28942,0.05032,92.07458,111.265527,-0.270184,0.015342,53.849974,2.737847,2.04064,0.035278,FAIL
S00031,L0001,T01,31,96.612947,-0.047002,96.068998,112.522315,-0.407061,-0.784554,48.378728,2.186307,2.51261,0.067067,FAIL
S00393,L0019,T02,393,98.203062,-0.040851,99.891843,109.437841,0.804269,-0.88179,52.005446,3.380262,1.111429,0.037634,FAIL
S00758,L0037,T01,758,105.332245,0.000451,89.893886,109.260155,-0.712943,-0.058184,51.429506,2.033136,1.470613,0.013976,PASS
S00362,L0018,T01,362,101.596282,-0.065927,99.798387,109.444459,0.852475,-0.756645,50.442039,4.304466,1.457668,0.098034,FAIL
S00536,L0026,T01,536,101.281221,0.115845,91.978292,113.156609,-0.654878,-0.671582,51.325189,4.186768,3.300597,0.212222,FAIL
S00325,L0016,T02,325,92.24123,-0.017327,103.926807,109.257995,-0.787131,0.579516,48.066662,2.526258,1.815693,0.026015,PASS
S00561,L0028,T01,561,97.393647,0.051907,95.221172,110.904865,,0.51797,48.446242,3.216183,1.212119,0.034431,FAIL
S00400,L0020,T02,400,107.672374,0.089852,95.75219,111.077054,0.504081,-0.364378,53.958879,3.124601,1.906275,0.045895,FAIL
S00733,L0036,T03,733,98.317659,-0.0746,93.079182,105.385835,-0.183268,-0.248761,52.092643,3.388811,5.790477,0.340671,FAIL
S00223,L0011,T01,223,104.915447,-0.047731,100.392844,109.927478,0.42264,0.60867,49.826909,3.206372,1.340241,0.03654,FAIL
S00437,L0021,T01,437,109.518816,0.136605,96.171043,113.321574,0.631292,-0.029724,54.006863,4.174191,3.694495,0.24857,FAIL
S00775,L0038,T01,775,98.074628,0.083894,100.298166,107.613528,-0.000257,-0.769793,47.361588,3.665261,2.464967,0.096169,FAIL
S00172,L0008,T01,172,96.545178,-0.10394,93.787307,110.644344,0.209882,-0.382695,47.998419,3.55531,1.410696,0.051206,FAIL
S00371,L0018,T01,371,97.664043,0.023111,89.067694,109.870583,0.222408,0.045166,49.252242,2.164515,0.902122,0.011535,PASS
S00246,L0012,T02,246,95.398039,0.014449,100.297458,111.427354,-0.944733,-0.468564,48.484094,2.549705,1.889933,0.027631,PASS
S00629,L0031,T01,629,96.583841,-0.069538,88.707162,111.60537,-0.794851,-0.767972,48.407108,4.349223,1.73714,0.116575,FAIL
S00739,L0036,T01,739,103.913951,,88.954691,113.089563,-0.774136,-0.847091,52.068744,3.759871,3.329389,0.157102,FAIL
S00047,L0002,T01,47,103.942511,0.012257,94.688503,109.337479,-0.366471,-0.629588,50.737023,2.37211,1.146032,0.015832,PASS
S00297,L0014,T02,297,101.040438,0.014419,100.054234,108.057178,0.14287,-0.280803,49.961593,2.260656,1.923463,0.021828,PASS
S00174,L0008,T01,174,100.299842,0.673525,94.106188,111.327573,0.72844,-0.789674,50.873891,4.897979,1.700378,0.174854,FAIL
S00653,L0032,T01,653,107.60768,-0.12026,93.698462,111.920978,0.850269,0.822457,53.586744,5.059206,2.410127,0.265779,FAIL
S00656,L0032,T01,656,91.185848,-0.032901,100.511358,114.949602,-0.416501,-0.75576,46.845977,2.673834,6.194067,0.253163,FAIL
S00193,L0009,T02,193,92.623809,0.081898,91.974536,106.36234,-0.023111,0.083156,47.437254,2.938499,4.289713,0.131129,PASS
S00052,L0002,T02,52,101.088368,0.037267,92.95223,108.769654,-0.234798,-0.448424,50.836312,2.550251,1.553031,0.023076,PASS
S00389,L0019,T01,389,95.384616,-0.096803,93.241911,109.819084,-0.496842,-0.69788,48.01822,3.645567,1.205952,0.049703,FAIL
S00300,L0015,T01,300,103.34436,-0.081778,92.3309,110.053168,0.334989,-0.472743,51.129495,3.428733,1.205355,0.041241,FAIL
S00490,L0024,T01,490,99.562853,-0.095572,98.399514,110.907231,0.100057,-0.716863,37.260855,3.631061,1.531389,0.058152,FAIL
S00039,L0001,T01,39,98.012675,0.079332,101.643675,112.880745,0.923646,-0.62504,49.753252,4.216588,2.563037,0.155723,FAIL
S00671,L0033,T03,671,100.951684,-0.073108,88.012646,107.799823,0.603894,0.054524,52.494255,3.481396,2.317104,0.076751,FAIL
S00023,L0001,T02,23,103.712783,0.006665,89.319777,107.58164,-0.272601,-0.84179,52.497848,2.464804,2.617558,0.037796,PASS
S00727,L0036,T01,727,98.382648,-0.023757,106.168412,112.229567,0.653856,-0.602376,48.507385,2.455548,1.843936,0.024823,PASS
S00038,L0001,T03,38,100.441211,-0.124827,95.372131,113.076918,-0.65053,-0.892351,53.513169,4.338112,3.098625,0.216453,FAIL
S00360,L0018,T02,360,97.161032,0.060574,96.631762,110.100266,-0.466895,0.429674,52.521674,3.099937,1.41868,0.034731,PASS
S00041,L0002,T01,41,96.425815,-0.079076,95.154568,108.960318,-0.150697,0.419229,48.290302,2.834385,1.515565,0.029015,PASS
S00761,L0038,T02,761,94.905011,0.047225,93.135573,109.291609,-0.467323,-0.071528,48.418834,2.520192,1.650921,0.023688,PASS
S00365,L0018,T01,365,88.790812,-0.138338,95.42615,111.067925,-0.461516,0.877013,47.078318,5.164222,1.886201,0.229738,FAIL
S00719,L0035,T01,719,94.637527,-0.029325,91.43336,109.379378,-0.965061,-0.273598,48.527014,3.029261,1.754717,0.039032,PASS
S00788,L0039,T01,788,94.375286,-0.059608,90.397864,107.973357,-0.9243,-0.403017,47.677003,3.938283,2.345612,0.113,FAIL
S00007,L0000,T01,7,103.502684,0.024901,94.750105,114.161853,-0.139755,-0.050701,51.04635,2.142021,4.981093,0.097301,PASS
S00532,L0026,T03,532,107.440001,0.091944,93.211153,112.298538,-0.129442,-0.366616,55.437618,3.195957,2.617086,0.070486,FAIL
S00595,L0029,T02,595,108.319284,0.027103,91.274135,108.858,0.090404,0.434816,54.268479,2.303238,1.568426,0.018717,FAIL
S00227,L0011,T02,227,102.075944,0.086278,89.120054,108.542283,-0.854685,0.763014,53.268137,4.202271,1.745084,0.104036,FAIL
S00019,L0000,T01,19,98.659485,-0.190501,94.713715,107.744134,-0.331784,0.961737,49.769198,6.153715,2.411622,0.492434,FAIL
S00069,L0003,T01,69,105.430921,0.109647,97.875225,108.936176,0.699264,0.924324,52.622725,4.695247,1.795338,0.156852,FAIL
S00220,L0011,T01,220,95.297879,-0.088346,85.009816,112.233661,0.940886,-0.412003,49.187796,3.665592,2.045935,0.077938,FAIL
S00433,L0021,T01,433,101.33986,0.069745,90.734411,109.770698,0.407639,0.274115,48.860956,3.378438,0.972567,0.034908,FAIL
S00665,L0033,T01,665,93.787419,0.089543,99.739091,108.970708,-0.049546,-0.590345,46.528347,3.393707,1.98499,0.060148,FAIL
S00364,L0018,T01,364,109.591637,-0.039755,91.956337,109.978565,-0.058423,-0.378924,52.780528,2.094405,1.519392,0.015152,PASS
S00650,L0032,T01,650,105.285921,0.063246,98.242022,112.149071,0.638337,0.705504,51.826287,3.328789,2.480946,0.07347,FAIL
S00523,L0026,T01,523,101.613186,0.000835,95.234219,110.107859,0.157355,0.04656,50.648715,1.588929,1.175334,0.008014,PASS
S00164,L0008,T01,164,101.970464,-0.036815,93.487414,111.316046,-0.729287,0.059433,50.171159,2.781786,1.931145,0.034581,PASS
S00036,L0001,T01,36,95.77225,0.019692,95.443441,109.842154,,-0.143327,47.819363,2.564703,1.510226,0.02284,PASS
S00169,L0008,T01,169,101.558495,-0.070921,95.679937,106.936104,-0.45127,0.437719,49.02156,3.265488,2.941484,0.088005,FAIL
S00180,L0009,T01,180,100.737253,-0.027571,88.925117,109.569402,0.594408,0.489968,50.156007,2.571136,1.061369,0.018035,PASS
S00086,L0004,T03,86,100.809596,-0.034048,92.011937,383.352143,0.829943,-0.905623,53.113748,3.875979,1.226625,0.061113,FAIL
S00464,L0023,T01,464,103.610664,-0.044794,86.907565,109.574721,0.580297,0.340463,51.524449,2.609895,1.357652,0.021894,PASS
S00768,L0038,T02,768,102.38792,-0.051825,95.814576,109.576761,0.257005,-0.049048,50.819045,2.506616,1.198636,0.018347,PASS
S00608,L0030,T02,608,101.821461,-0.081723,91.902906,109.861412,0.489352,0.892196,50.969455,3.752374,1.161349,0.053195,FAIL
S00059,L0002,T01,59,96.406127,0.015327,92.273308,111.285127,-0.894699,0.163213,47.401569,2.653359,1.640424,0.026474,PASS
S00558,L0027,T03,558,94.617024,0.017997,94.670306,107.51309,-0.543762,-0.306732,50.006153,1.628088,2.513042,0.017165,PASS
S00032,L0001,T01,32,101.403206,-0.008158,95.449904,112.732855,0.294674,-0.061234,48.386056,2.01498,2.822847,0.0285,PASS
S00199,L0009,T01,199,106.08935,0.012315,96.867726,106.975348,-0.393982,0.891641,52.895728,2.440525,-0.242941,0.049278,PASS
S00415,L0020,T03,415,96.698693,-0.020604,94.562275,109.298622,-0.914054,0.567186,52.451834,2.754959,1.56881,0.02785,PASS
S00443,L0022,T02,443,99.516926,,96.99544,111.422654,-0.385897,-0.490917,50.116381,3.82446,1.493172,0.067123,FAIL
S00780,L0039,T01,780,97.615649,,96.451524,111.92559,0.792821,-0.487274,48.722166,2.498392,1.928697,0.026971,PASS
S00337,L0016,T01,337,105.393621,0.111246,94.870396,111.897811,0.232644,-0.633758,51.101422,4.009047,1.958793,0.098899,FAIL
S00672,L0033,T03,672,101.503162,0.084306,94.820241,105.364547,0.28973,0.892153,54.50279,3.876201,5.747857,0.439031,FAIL
S00071,L0003,T01,71,104.006416,-0.105711,86.495565,106.390261,0.170106,-0.79461,51.66222,3.850451,4.024301,0.228601,FAIL
S00273,L0013,T01,273,104.795411,-0.036285,97.219571,106.168221,0.132599,0.683129,51.787169,2.547318,4.365561,0.099629,PASS
S00268,L0013,T01,268,96.726343,-0.041728,91.73024,108.128942,-0.795586,-0.858677,50.467979,3.651204,1.999161,0.075203,FAIL
S00343,L0017,T01,343,103.839812,-0.128986,97.064387,108.406338,0.113896,0.500135,51.584199,4.361971,2.032677,0.135726,FAIL
S00241,L0012,T01,241,85.617941,0.138951,98.100698,106.305477,-0.707273,-0.438567,43.649022,4.60015,4.63094,0.448224,FAIL
S00015,L0000,T01,15,96.268506,0.072558,95.1064,111.664031,0.156705,-0.878837,47.972629,3.758235,1.769078,0.073129,FAIL
S00054,L0002,T01,54,98.011993,-0.063903,100.171274,111.460388,0.54548,-0.731035,49.101957,3.78081,1.787267,0.075211,FAIL
S00107,L0005,T01,107,92.208342,0.000224,92.531461,110.054857,-0.193782,-0.358884,46.194031,1.782329,1.50296,0.011382,FAIL
S00151,L0007,T01,151,103.409247,-0.041758,97.611301,112.792533,0.880924,0.843589,50.101609,3.429924,2.722993,0.090263,FAIL
S00756,L0037,T03,756,94.599331,-0.147848,98.64714,107.709887,0.897859,0.548497,51.857288,5.367931,2.438401,0.32679,FAIL
S00499,L0024,T02,499,104.680546,-0.046552,94.678438,107.536608,-0.56295,0.124028,52.189474,2.581318,2.313165,0.035586,PASS
S00215,L0010,T02,215,105.940163,-0.007823,91.826719,109.861755,0.051831,-0.09473,51.499566,2.061437,0.973868,0.010943,PASS
S00001,L0000,T01,1,98.851965,0.09061,91.074493,106.982386,-0.587604,0.38617,49.652511,3.487879,2.949777,0.10588,FAIL
S00098,L0004,T02,98,101.647363,-0.081593,96.222375,111.577675,0.536481,0.152925,52.040095,3.462646,2.14806,0.06932,FAIL
S00435,L0021,T03,435,103.498148,-0.009864,85.348772,105.371264,0.081698,0.194817,52.798527,1.790048,5.933598,0.11707,PASS
S00070,L0003,T03,70,95.086951,0.010711,91.694835,109.928186,0.839086,-0.887924,51.162245,3.008761,1.235413,0.029096,PASS
S00582,L0029,T02,582,102.591161,0.028753,95.519843,107.665645,0.597446,0.641964,53.498519,2.804431,2.301988,0.042905,FAIL
S00676,L0033,T01,676,102.038213,-0.071328,92.280453,108.888684,-0.080899,0.358071,49.367093,2.843854,1.623371,0.030988,PASS
S00361,L0018,T03,361,98.63152,0.035228,97.936894,110.548137,-0.432506,0.894164,51.51787,3.097209,1.219079,0.031158,PASS
S00557,L0027,T02,557,94.093814,-0.009352,96.055876,113.074091,-0.067692,0.937066,48.848184,2.831879,3.115601,0.067062,PASS
S00530,L0026,T02,530,104.149706,-0.193821,96.106966,109.840007,-0.0953,-0.670889,54.796653,5.722477,1.719441,0.310223,FAIL
S00743,L0037,T01,743,98.24607,0.028751,95.067776,108.200005,0.267631,-0.661724,49.36708,2.470513,1.825782,0.024908,PASS
S00267,L0013,T01,267,95.451312,0.079958,100.028496,111.559149,-0.95904,-0.508958,48.395427,3.618708,1.730816,0.063792,FAIL
S00359,L0017,T03,359,103.56428,0.064141,94.280254,111.192661,0.791596,-0.224969,52.34859,3.017688,1.524441,0.034203,PASS
S00496,L0024,T01,496,102.4227,0.00984,89.535156,106.769978,0.115676,-0.036186,49.546141,1.602682,3.305194,0.025712,PASS
S00274,L0013,T02,274,100.739507,0.104188,91.832266,112.361157,-0.325927,0.135971,51.899578,3.690035,2.156122,0.084085,FAIL
S00420,L0021,T02,420,98.407841,0.059275,92.688464,106.955209,-0.763525,0.094618,49.681024,2.666948,3.000823,0.054977,PASS
S00194,L0009,T03,194,100.081615,0.042453,97.375752,113.16253,-0.776917,0.244572,51.987721,2.865341,3.362682,0.078225,PASS
S00762,L0038,T02,762,103.633837,0.141342,94.9295,113.324856,-0.498152,0.012717,51.85881,4.214063,3.572192,0.242754,FAIL
S00276,L0013,T01,276,106.873404,-0.147434,94.047729,109.89927,-0.792665,-0.699359,53.218062,4.946166,1.716995,0.182559,FAIL
S00270,L0013,T01,270,100.052486,0.138352,94.379406,109.457931,0.249851,-0.967867,50.108606,4.893017,1.393123,0.15122,FAIL
S00088,L0004,T02,88,99.885037,-0.040247,97.555044,111.506361,-0.541676,-0.948697,51.104177,2.895291,1.58877,0.031817,PASS
S00077,L0003,T01,77,102.685549,0.039136,94.924249,110.740201,0.384942,-0.06653,50.430161,2.301067,1.401838,0.017073,PASS
S00265,L0013,T01,265,107.835662,0.103809,98.675723,105.492967,0.839901,0.178604,51.66044,3.960938,5.570939,0.433855,FAIL
S00381,L0019,T01,381,98.069858,0.009694,94.676624,110.389202,-0.302546,0.035418,48.197274,2.189091,1.517597,0.016461,PASS
S00678,L0033,T01,678,107.064759,0.036273,93.250979,114.559944,-0.571822,-0.21908,51.031217,2.625732,5.564946,0.186772,PASS
S00403,L0020,T02,403,101.115703,0.083141,95.960955,107.82301,0.622063,0.637253,51.55,4.263022,1.953045,0.120882,FAIL
S00654,L0032,T02,654,102.815814,-0.097007,92.495345,113.870584,0.954965,0.561777,53.213139,4.081806,4.571731,0.330279,FAIL
S00571,L0028,T01,571,101.911039,-0.063802,95.252842,108.792075,-0.792724,0.314327,50.338604,3.532588,1.450681,0.051281,FAIL
S00280,L0014,T02,280,99.289918,0.014395,98.214666,111.229619,0.193694,0.126527,50.525779,1.723639,1.49949,0.010782,PASS
S00777,L0038,T01,777,95.844928,0.043536,97.22818,112.193291,0.803282,-0.147897,47.32283,3.010739,2.267848,0.050306,PASS
S00728,L0036,T02,728,99.003752,-0.019011,96.247116,108.974687,-0.444357,-0.470837,50.565706,2.045917,1.804554,0.016937,PASS
S00570,L0028,T03,570,109.337674,0.053395,91.927806,113.170722,-0.68813,0.859281,55.001429,3.488547,3.557405,0.142005,FAIL
S00367,L0018,T01,367,108.975299,-0.004841,90.575715,108.16317,0.101273,0.753387,53.740494,2.568822,2.446936,0.037788,FAIL
S00484,L0024,T01,484,98.630694,-0.113617,93.488167,107.979677,-0.236277,0.66375,49.606779,4.241296,2.337995,0.142835,FAIL
S00254,L0012,T02,254,101.442876,-0.056935,86.490567,110.273884,-0.165064,-0.181674,51.338391,2.748745,0.939973,0.01976,PASS
S00511,L0025,T01,511,106.159001,-0.013656,,108.911399,-0.231389,0.309463,51.396291,2.242286,1.629034,0.018325,PASS
S00516,L0025,T02,516,97.618399,0.13351,91.053768,111.20369,-0.516938,-0.498806,50.335828,4.576673,1.788576,0.142794,FAIL
S00087,L0004,T01,87,100.524655,0.123833,95.825825,108.253015,-0.066277,-0.605076,49.61579,4.265527,2.192595,0.135861,FAIL
S00750,L0037,T03,750,94.316681,0.12379,92.791414,112.134685,0.328933,-0.935253,49.632102,4.180385,2.605301,0.1545,FAIL
S00050,L0002,T03,50,101.640249,0.115147,97.767074,108.984665,0.496077,0.333876,52.628112,3.709352,1.599768,0.064362,FAIL
S00726,L0036,T02,726,86.873975,,853.21565,110.312684,0.09688,-0.96005,48.164525,3.590411,1.948513,0.069658,FAIL
S00256,L0012,T01,256,101.903215,-0.028944,92.010326,108.859825,-0.103325,-0.852453,49.74372,2.547265,1.421549,0.021444,PASS
S00380,L0019,T01,380,101.410378,0.020172,91.40416,112.169596,-0.228734,0.716296,51.536045,2.929419,2.521172,0.053561,PASS
S00666,L0033,T03,666,100.535218,0.131623,87.132974,109.695133,0.546233,0.414978,53.944236,4.379264,1.118043,0.087965,FAIL
S00648,L0032,T02,648,99.115215,-0.046014,93.659117,109.433631,0.289672,-0.622194,50.548745,3.029478,1.224608,0.029457,PASS
S00416,L0020,T03,416,101.993686,-0.061242,96.248922,110.600541,0.272165,0.45108,53.263827,3.06868,1.425055,0.033915,FAIL
S00214,L0010,T01,214,94.410799,0.054472,99.490976,108.292885,-0.430916,-0.988104,47.283302,3.730153,2.309392,0.093834,FAIL
S00285,L0014,T02,285,100.109185,0.00222,98.637072,109.421266,-0.125394,0.963391,50.146495,2.404849,1.24467,0.01719,PASS
S00783,L0039,T03,783,93.969499,0.106222,97.238666,107.500965,-0.219865,0.728048,51.512945,4.130087,2.843956,0.166069,FAIL
S00569,L0028,T01,569,96.212598,-0.047165,96.026754,110.076546,-0.406465,0.967547,48.117867,3.412796,1.26001,0.041867,FAIL
S00421,L0021,T01,421,98.561448,-0.034339,90.862223,107.466375,0.544305,-0.590143,48.612027,2.607605,2.474752,0.039656,PASS
S00545,L0027,T01,545,99.442357,0.000119,91.592936,108.539385,0.451897,-0.43225,50.128923,1.990694,1.476122,0.0135,PASS
S00078,L0003,T02,78,98.139948,-0.030726,92.130172,108.094138,0.660066,0.89724,51.89572,2.785069,1.346942,0.025392,PASS
S00005,L0000,T02,5,102.721029,0.021335,94.944812,109.646023,0.492713,-0.487227,51.965611,2.236334,1.453913,0.016583,PASS
S00531,L0026,T01,531,104.143075,-0.028935,103.84969,107.541291,-0.040632,-0.232505,49.84171,1.901121,2.415098,0.020721,PASS
S00184,L0009,T01,184,101.541433,-0.086801,92.53855,104.298643,-0.055225,-0.550248,50.657955,3.219918,7.77093,0.568795,FAIL
S00013,L0000,T02,13,107.773932,-0.045782,97.846778,107.786697,0.321438,0.273055,52.681719,2.82044,1.951216,0.036144,PASS
S00701,L0035,T02,701,101.755937,0.022365,86.457033,110.028883,-0.572103,0.593077,53.196045,2.47961,1.263707,0.018555,FAIL
S00261,L0013,T01,261,97.167158,-0.038132,93.199226,111.052376,-0.030228,-0.426876,48.565993,2.270517,1.702052,0.019543,PASS
S00122,L0006,T01,122,104.280142,0.042827,99.419866,111.876201,-0.310724,0.322246,50.411131,2.492556,1.766954,0.024605,PASS
S00319,L0015,T02,319,104.271981,0.018941,98.49847,106.909895,-0.188051,0.36784,53.01374,1.773118,3.248753,0.028962,FAIL
S00580,L0029,T01,580,100.386862,-0.034587,98.449354,111.163086,0.185447,0.232067,48.942002,2.528449,1.550152,0.022603,PASS
S00329,L0016,T01,329,104.08531,0.039057,96.884727,112.202772,-0.293994,0.879965,52.087541,3.443349,2.458721,0.079901,FAIL
S00441,L0022,T01,441,104.078213,0.07823,96.542446,108.632669,0.206888,0.444902,51.43551,3.11729,1.857014,0.044443,PASS
S00026,L0001,T01,26,97.98696,0.046329,97.11606,109.214753,-0.707874,-0.886654,48.398391,3.513395,1.510857,0.052056,FAIL
S00112,L0005,T01,112,96.875405,0.069938,101.622072,112.270758,-0.5774,0.370969,48.364221,3.327571,2.599085,0.077939,FAIL
S00011,L0000,T01,11,94.147229,-0.008411,91.660446,109.335947,0.154453,-0.46684,47.604706,2.239665,1.551326,0.017531,PASS
S00502,L0025,T01,502,96.156579,-0.008398,92.876476,113.667097,0.598885,-0.574734,46.845881,2.551845,4.145952,0.089638,FAIL
S00738,L0036,T01,738,90.452269,-0.116358,88.222885,114.221168,0.193785,-0.722506,46.234905,4.311856,5.105431,0.448597,FAIL
S00171,L0008,T01,171,101.281151,0.138215,92.920055,109.954099,0.613704,0.030645,50.6489,4.393901,1.466891,0.105864,FAIL
S00522,L0026,T01,522,100.380678,-0.061317,92.142895,107.825052,-0.718947,-0.943752,51.21913,3.625304,2.02616,0.074617,FAIL
S00658,L0032,T01,658,98.445243,-0.077958,86.72661,110.234927,-0.676867,-0.708653,49.24594,3.307986,1.630907,0.046494,FAIL
S00792,L0039,T01,792,101.480073,0.022224,90.395401,109.08816,0.800599,0.80079,50.390576,3.133786,1.21099,0.032029,PASS
S00308,L0015,T02,308,99.876853,0.115966,93.617365,113.013769,,0.710253,50.51646,3.966118,3.04886,0.161295,FAIL
S00231,L0011,T01,231,96.037968,0.044343,96.897384,109.879217,-0.095261,-0.984442,48.523729,3.499198,1.357738,0.047473,FAIL
S00158,L0007,T01,158,94.436742,-0.054987,96.149036,108.232515,0.211699,-0.412741,46.399175,2.466868,1.944436,0.026458,FAIL
S00137,L0006,T03,137,101.197607,0.000687,87.974174,107.88212,-0.080517,-0.512522,53.228235,1.536707,2.126081,0.012836,FAIL
S00436,L0021,T01,436,103.430725,-0.072532,93.739197,106.488996,-0.293111,0.911424,49.790335,3.490891,3.94917,0.170632,FAIL
S00210,L0010,T01,210,96.274192,0.071529,99.124822,108.717673,0.960097,-0.22346,47.822306,3.824316,1.98467,0.086152,FAIL
S00292,L0014,T01,292,95.532531,-0.018739,91.643222,111.083687,0.676346,0.001825,47.514208,2.282075,1.580932,0.018494,PASS
S00247,L0012,T02,247,95.62276,0.012981,98.253608,111.889936,-0.520828,-0.436759,49.304863,2.440411,2.122126,0.02843,PASS
S00146,L0007,T01,146,101.217379,0.06462,92.510258,109.050892,0.49288,-0.30264,50.299557,2.992225,1.521402,0.0334,PASS
S00603,L0030,T01,603,97.974218,0.003583,94.916898,105.354032,0.488353,0.480807,48.372769,2.096788,5.640993,0.27644,PASS
S00652,L0032,T01,652,98.397435,-0.094634,94.65191,109.512705,-0.384867,0.140168,49.24303,3.554747,1.380786,0.050388,FAIL
S00795,L0039,T01,795,102.90441,,91.902982,108.859806,0.942003,-0.510556,52.77723,2.883038,1.380774,0.028172,PASS
S00347,L0017,T01,347,97.097913,0.064262,95.387974,112.052904,-0.769572,0.074378,50.667198,3.232121,2.239002,0.059825,FAIL
S00004,L0000,T02,4,98.232198,0.039752,93.644632,107.801038,-0.403495,-0.269624,49.506532,3.053779,2.387905,0.055554,PASS
S00566,L0028,T03,566,96.372359,-0.045899,87.656587,107.499283,0.765444,-0.894187,52.463484,3.4105,2.446242,0.077264,FAIL
S00463,L0023,T01,463,106.837573,-0.016053,93.053492,111.112027,0.813191,0.886285,52.12117,3.393345,1.613347,0.049564,FAIL
S00225,L0011,T02,225,114.360571,0.033578,95.651999,112.886932,-0.066012,-0.745803,55.423043,2.634407,3.401519,0.065792,FAIL
S00460,L0023,T01,460,94.461498,0.217553,89.062936,107.809077,-0.956181,-0.133646,50.708116,6.000154,2.686802,0.49572,FAIL
S00535,L0026,T01,535,104.999454,-0.09286,92.430278,109.742717,0.238646,0.186108,50.178019,3.3778,1.401007,0.043754,FAIL
S00083,L0004,T01,83,108.823724,0.012532,96.365779,108.505891,0.000339,-0.806798,53.204462,2.272324,1.945773,0.022319,FAIL
S00074,L0003,T01,74,96.852337,-0.106282,95.972656,112.934163,-0.784292,0.231481,47.844085,3.737405,2.670522,0.112791,FAIL
S00529,L0026,T02,529,106.630255,0.025488,97.544296,105.794652,0.328145,-0.993017,52.85433,3.112038,5.295985,0.234805,PASS
S00065,L0003,T01,65,100.226733,0.077388,98.146845,105.941628,0.207166,-0.310859,48.022965,3.23206,4.109956,0.151142,FAIL
S00296,L0014,T02,296,94.038897,-0.005448,96.532628,108.227555,0.102599,0.949725,49.000374,2.307425,1.943653,0.022993,PASS
S00224,L0011,T02,224,101.968818,0.107813,97.654643,109.783626,-0.308261,-0.082363,51.36686,3.407689,1.415939,0.045247,FAIL
S00076,L0003,T01,76,96.612639,-0.012848,97.303341,112.811564,-0.185372,0.35781,47.9814,1.881036,2.787768,0.024873,PASS
S00179,L0008,T03,179,101.24533,0.083718,88.088549,107.294071,-0.793921,0.077745,52.602387,3.628548,2.562045,0.097953,FAIL
S00024,L0001,T03,24,105.10475,0.010436,97.258987,110.766984,0.882317,-0.251019,54.93437,2.022318,1.52925,0.01429,FAIL
S00479,L0023,T02,479,106.736599,-0.043957,94.83586,112.332225,0.24973,-0.112362,51.241584,2.735951,2.496051,0.044796,PASS
S00006,L0000,T02,6,93.231077,0.029065,88.670316,107.992187,0.516103,-0.528886,48.501493,2.386739,2.021484,0.025703,PASS
S00376,L0018,T02,376,93.947965,-0.018421,101.463674,109.274519,-0.531878,0.890087,48.759686,3.265502,1.648869,0.045253,FAIL
S00322,L0016,T01,322,105.517253,-0.000922,95.198214,111.312384,0.56539,0.789903,50.434166,2.706017,1.68067,0.028327,PASS
S00103,L0005,T01,103,99.303107,-0.00998,100.217125,112.213524,-0.011236,-0.554251,48.156057,2.290756,2.268765,0.026975,PASS
S00079,L0003,T01,79,93.486625,0.013364,95.242942,111.431417,-0.631439,-0.735497,47.910048,2.336699,2.009309,0.024439,PASS
S00279,L0013,T01,279,104.568206,-0.000392,90.348349,108.686396,-0.027594,-0.07217,52.089968,1.594613,1.767792,0.011123,PASS
